-- MySQL dump 10.13  Distrib 5.7.16, for Linux (x86_64)
--
-- Host: localhost    Database: HCCdb
-- ------------------------------------------------------
-- Server version	5.7.16-0ubuntu0.16.04.1

/*!40101 SET @OLD_CHARACTER_SET_CLIENT=@@CHARACTER_SET_CLIENT */;
/*!40101 SET @OLD_CHARACTER_SET_RESULTS=@@CHARACTER_SET_RESULTS */;
/*!40101 SET @OLD_COLLATION_CONNECTION=@@COLLATION_CONNECTION */;
/*!40101 SET NAMES utf8 */;
/*!40103 SET @OLD_TIME_ZONE=@@TIME_ZONE */;
/*!40103 SET TIME_ZONE='+00:00' */;
/*!40014 SET @OLD_UNIQUE_CHECKS=@@UNIQUE_CHECKS, UNIQUE_CHECKS=0 */;
/*!40014 SET @OLD_FOREIGN_KEY_CHECKS=@@FOREIGN_KEY_CHECKS, FOREIGN_KEY_CHECKS=0 */;
/*!40101 SET @OLD_SQL_MODE=@@SQL_MODE, SQL_MODE='NO_AUTO_VALUE_ON_ZERO' */;
/*!40111 SET @OLD_SQL_NOTES=@@SQL_NOTES, SQL_NOTES=0 */;

--
-- Current Database: `HCCdb`
--

CREATE DATABASE /*!32312 IF NOT EXISTS*/ `HCCdb` /*!40100 DEFAULT CHARACTER SET latin1 */;

USE `HCCdb`;

--
-- Table structure for table `Appointment_calendar`
--

DROP TABLE IF EXISTS `Appointment_calendar`;
/*!40101 SET @saved_cs_client     = @@character_set_client */;
/*!40101 SET character_set_client = utf8 */;
CREATE TABLE `Appointment_calendar` (
  `calendar_id` int(11) NOT NULL AUTO_INCREMENT,
  `date` date DEFAULT NULL,
  `doctor_id` tinyint(3) unsigned DEFAULT NULL,
  `start_time` time DEFAULT NULL,
  `end_time` time DEFAULT NULL,
  `session_limit` int(11) DEFAULT NULL,
  PRIMARY KEY (`calendar_id`),
  KEY `doctor_id` (`doctor_id`),
  CONSTRAINT `Appointment_calendar_ibfk_1` FOREIGN KEY (`doctor_id`) REFERENCES `Doctor` (`doctor_id`)
) ENGINE=InnoDB AUTO_INCREMENT=571 DEFAULT CHARSET=latin1;
/*!40101 SET character_set_client = @saved_cs_client */;

--
-- Dumping data for table `Appointment_calendar`
--

LOCK TABLES `Appointment_calendar` WRITE;
/*!40000 ALTER TABLE `Appointment_calendar` DISABLE KEYS */;
INSERT INTO `Appointment_calendar` VALUES (1,'2017-03-25',0,'00:00:00','00:00:00',0),(444,'2017-01-12',3,'14:00:00','17:00:00',5),(447,'2017-01-13',1,'08:00:00','09:00:00',5),(450,'2017-01-13',2,'16:30:00','17:30:00',5),(456,'2017-01-13',3,'14:00:00','17:00:00',5),(459,'2017-01-19',3,'14:00:00','17:00:00',5),(462,'2017-01-14',3,'14:00:00','16:00:00',5),(465,'2017-01-20',3,'14:00:00','17:00:00',5),(468,'2017-01-18',5,'15:00:00','17:00:00',3),(471,'2017-01-16',3,'14:00:00','17:00:00',5),(474,'2017-01-17',1,'08:00:00','09:00:00',5),(477,'2017-01-20',1,'08:00:00','09:00:00',5),(480,'2017-01-20',2,'16:30:00','17:30:00',5),(483,'2017-01-23',3,'14:00:00','17:00:00',5),(486,'2017-01-21',3,'14:00:00','16:00:00',5),(489,'2017-01-24',1,'08:00:00','09:00:00',5),(492,'2017-01-27',3,'14:00:00','17:00:00',5),(495,'2017-01-27',1,'08:00:00','09:00:00',5),(498,'2017-01-26',3,'14:00:00','17:00:00',5),(501,'2017-01-27',2,'16:30:00','17:30:00',5),(508,'2017-01-28',3,'14:00:00','16:00:00',5),(511,'2017-01-30',3,'14:00:00','17:00:00',5),(513,'2017-01-30',3,'14:00:00','17:00:00',5),(514,'2017-02-06',3,'14:00:00','17:00:00',5),(515,'2017-03-06',3,'14:00:00','17:00:00',5),(516,'2017-02-03',3,'14:00:00','17:00:00',5),(517,'2017-03-03',3,'14:00:00','17:00:00',5),(518,'2017-02-03',2,'16:30:00','17:30:00',5),(519,'2017-03-03',2,'16:30:00','17:30:00',5),(520,'2017-02-02',3,'14:00:00','17:00:00',5),(521,'2017-03-02',3,'14:00:00','17:00:00',5),(522,'2017-02-04',3,'14:00:00','16:00:00',5),(523,'2017-03-04',3,'14:00:00','16:00:00',5),(524,'2017-02-02',4,'15:00:00','17:00:00',3),(525,'2017-03-02',4,'15:00:00','17:00:00',3),(526,'2017-02-03',1,'08:00:00','09:00:00',5),(527,'2017-03-03',1,'08:00:00','09:00:00',5),(528,'2017-02-13',3,'14:00:00','17:00:00',5),(529,'2017-03-13',3,'14:00:00','17:00:00',5),(530,'2017-02-07',1,'08:00:00','09:00:00',5),(531,'2017-03-07',1,'08:00:00','09:00:00',5),(532,'2017-02-09',3,'14:00:00','17:00:00',5),(533,'2017-03-09',3,'14:00:00','17:00:00',5),(534,'2017-02-10',1,'08:00:00','09:00:00',5),(535,'2017-03-10',1,'08:00:00','09:00:00',5),(536,'2017-02-10',2,'16:30:00','17:30:00',5),(537,'2017-03-10',2,'16:30:00','17:30:00',5),(538,'2017-02-11',3,'14:00:00','16:00:00',5),(539,'2017-03-11',3,'14:00:00','16:00:00',5),(540,'2017-02-10',3,'14:00:00','17:00:00',5),(541,'2017-03-10',3,'14:00:00','17:00:00',5),(542,'2017-02-16',3,'14:00:00','17:00:00',5),(543,'2017-03-16',3,'14:00:00','17:00:00',5),(544,'2017-02-18',3,'14:00:00','16:00:00',5),(545,'2017-03-18',3,'14:00:00','16:00:00',5),(546,'2017-02-17',3,'14:00:00','17:00:00',5),(547,'2017-03-17',3,'14:00:00','17:00:00',5),(548,'2017-02-15',5,'15:00:00','17:00:00',3),(549,'2017-03-15',5,'15:00:00','17:00:00',3),(550,'2017-02-20',3,'14:00:00','17:00:00',5),(551,'2017-03-20',3,'14:00:00','17:00:00',5),(552,'2017-02-14',1,'08:00:00','09:00:00',5),(553,'2017-03-14',1,'08:00:00','09:00:00',5),(554,'2017-02-17',1,'08:00:00','09:00:00',5),(555,'2017-03-17',1,'08:00:00','09:00:00',5),(556,'2017-02-17',2,'16:30:00','17:30:00',5),(557,'2017-03-17',2,'16:30:00','17:30:00',5),(558,'2017-02-27',3,'14:00:00','17:00:00',5),(559,'2017-02-25',3,'14:00:00','16:00:00',5),(560,'2017-03-25',3,'14:00:00','16:00:00',5),(561,'2017-02-21',1,'08:00:00','09:00:00',5),(562,'2017-03-21',1,'08:00:00','09:00:00',5),(563,'2017-02-24',3,'14:00:00','17:00:00',5),(564,'2017-03-24',3,'14:00:00','17:00:00',5),(565,'2017-02-24',1,'08:00:00','09:00:00',5),(567,'2017-02-23',3,'14:00:00','17:00:00',5),(568,'2017-03-23',3,'14:00:00','17:00:00',5),(569,'2017-02-24',2,'16:30:00','17:30:00',5),(570,'2017-03-24',2,'16:30:00','17:30:00',5);
/*!40000 ALTER TABLE `Appointment_calendar` ENABLE KEYS */;
UNLOCK TABLES;

--
-- Table structure for table `Appointment_slot`
--

DROP TABLE IF EXISTS `Appointment_slot`;
/*!40101 SET @saved_cs_client     = @@character_set_client */;
/*!40101 SET character_set_client = utf8 */;
CREATE TABLE `Appointment_slot` (
  `slot_id` int(11) NOT NULL AUTO_INCREMENT,
  `patient_id` int(10) unsigned NOT NULL,
  `calendar_id` int(11) DEFAULT NULL,
  `status` enum('BOOKED','WAITING') DEFAULT NULL,
  PRIMARY KEY (`slot_id`),
  KEY `patient_id` (`patient_id`),
  KEY `calendar_id` (`calendar_id`),
  CONSTRAINT `Appointment_slot_ibfk_1` FOREIGN KEY (`patient_id`) REFERENCES `Patient` (`patient_id`),
  CONSTRAINT `Appointment_slot_ibfk_2` FOREIGN KEY (`calendar_id`) REFERENCES `Appointment_calendar` (`calendar_id`) ON DELETE CASCADE
) ENGINE=InnoDB DEFAULT CHARSET=latin1;
/*!40101 SET character_set_client = @saved_cs_client */;

--
-- Dumping data for table `Appointment_slot`
--

LOCK TABLES `Appointment_slot` WRITE;
/*!40000 ALTER TABLE `Appointment_slot` DISABLE KEYS */;
/*!40000 ALTER TABLE `Appointment_slot` ENABLE KEYS */;
UNLOCK TABLES;

--
-- Table structure for table `Appointment_static_availability`
--

DROP TABLE IF EXISTS `Appointment_static_availability`;
/*!40101 SET @saved_cs_client     = @@character_set_client */;
/*!40101 SET character_set_client = utf8 */;
CREATE TABLE `Appointment_static_availability` (
  `session_id` tinyint(3) unsigned NOT NULL,
  `week_no` tinyint(3) unsigned DEFAULT NULL
) ENGINE=InnoDB DEFAULT CHARSET=latin1;
/*!40101 SET character_set_client = @saved_cs_client */;

--
-- Dumping data for table `Appointment_static_availability`
--

LOCK TABLES `Appointment_static_availability` WRITE;
/*!40000 ALTER TABLE `Appointment_static_availability` DISABLE KEYS */;
INSERT INTO `Appointment_static_availability` VALUES (1,1),(1,2),(1,3),(1,4),(1,5),(2,1),(2,2),(2,3),(2,4),(2,5),(3,1),(3,2),(3,3),(3,4),(3,5),(4,1),(4,2),(4,3),(4,4),(4,5),(5,1),(5,2),(5,3),(5,4),(5,5),(6,1),(6,2),(6,3),(6,4),(6,5),(7,1),(7,2),(7,3),(7,4),(7,5),(8,1),(9,3);
/*!40000 ALTER TABLE `Appointment_static_availability` ENABLE KEYS */;
UNLOCK TABLES;

--
-- Table structure for table `Appointment_static_schedule`
--

DROP TABLE IF EXISTS `Appointment_static_schedule`;
/*!40101 SET @saved_cs_client     = @@character_set_client */;
/*!40101 SET character_set_client = utf8 */;
CREATE TABLE `Appointment_static_schedule` (
  `session_id` tinyint(3) unsigned NOT NULL DEFAULT '0',
  `doctor_id` tinyint(3) unsigned NOT NULL,
  `day` enum('SUNDAY','MONDAY','TUESDAY','WEDNESDAY','THURSDAY','FRIDAY','SATURDAY') DEFAULT NULL,
  `start_time` time DEFAULT NULL,
  `end_time` time DEFAULT NULL,
  `session_limit` tinyint(3) unsigned DEFAULT NULL,
  PRIMARY KEY (`session_id`),
  KEY `doctor_id` (`doctor_id`),
  CONSTRAINT `Appointment_static_schedule_ibfk_1` FOREIGN KEY (`doctor_id`) REFERENCES `Doctor` (`doctor_id`)
) ENGINE=InnoDB DEFAULT CHARSET=latin1;
/*!40101 SET character_set_client = @saved_cs_client */;

--
-- Dumping data for table `Appointment_static_schedule`
--

LOCK TABLES `Appointment_static_schedule` WRITE;
/*!40000 ALTER TABLE `Appointment_static_schedule` DISABLE KEYS */;
INSERT INTO `Appointment_static_schedule` VALUES (1,1,'TUESDAY','08:00:00','09:00:00',5),(2,1,'FRIDAY','08:00:00','09:00:00',5),(3,2,'FRIDAY','16:30:00','17:30:00',5),(4,3,'MONDAY','14:00:00','17:00:00',5),(5,3,'THURSDAY','14:00:00','17:00:00',5),(6,3,'FRIDAY','14:00:00','17:00:00',5),(7,3,'SATURDAY','14:00:00','16:00:00',5),(8,4,'THURSDAY','15:00:00','17:00:00',3),(9,5,'WEDNESDAY','15:00:00','17:00:00',3);
/*!40000 ALTER TABLE `Appointment_static_schedule` ENABLE KEYS */;
UNLOCK TABLES;

--
-- Table structure for table `Batch`
--

DROP TABLE IF EXISTS `Batch`;
/*!40101 SET @saved_cs_client     = @@character_set_client */;
/*!40101 SET character_set_client = utf8 */;
CREATE TABLE `Batch` (
  `batch_no` varchar(20) NOT NULL DEFAULT '',
  `drug_id` int(10) unsigned NOT NULL DEFAULT '0',
  `qty` int(10) unsigned DEFAULT NULL,
  `exp_date` date DEFAULT NULL,
  PRIMARY KEY (`batch_no`,`drug_id`),
  KEY `drug_id` (`drug_id`),
  CONSTRAINT `Batch_ibfk_1` FOREIGN KEY (`drug_id`) REFERENCES `Drug` (`drug_id`)
) ENGINE=InnoDB DEFAULT CHARSET=latin1;
/*!40101 SET character_set_client = @saved_cs_client */;

--
-- Dumping data for table `Batch`
--

LOCK TABLES `Batch` WRITE;
/*!40000 ALTER TABLE `Batch` DISABLE KEYS */;
/*!40000 ALTER TABLE `Batch` ENABLE KEYS */;
UNLOCK TABLES;

--
-- Table structure for table `Category`
--

DROP TABLE IF EXISTS `Category`;
/*!40101 SET @saved_cs_client     = @@character_set_client */;
/*!40101 SET character_set_client = utf8 */;
CREATE TABLE `Category` (
  `category_id` tinyint(4) NOT NULL,
  `category_name` varchar(255) NOT NULL,
  PRIMARY KEY (`category_id`)
) ENGINE=InnoDB DEFAULT CHARSET=latin1;
/*!40101 SET character_set_client = @saved_cs_client */;

--
-- Dumping data for table `Category`
--

LOCK TABLES `Category` WRITE;
/*!40000 ALTER TABLE `Category` DISABLE KEYS */;
INSERT INTO `Category` VALUES (0,'FLU'),(1,'ALLERGY');
/*!40000 ALTER TABLE `Category` ENABLE KEYS */;
UNLOCK TABLES;

--
-- Table structure for table `Course`
--

DROP TABLE IF EXISTS `Course`;
/*!40101 SET @saved_cs_client     = @@character_set_client */;
/*!40101 SET character_set_client = utf8 */;
CREATE TABLE `Course` (
  `course_id` tinyint(4) NOT NULL,
  `course_name` varchar(255) NOT NULL,
  PRIMARY KEY (`course_id`)
) ENGINE=InnoDB DEFAULT CHARSET=latin1;
/*!40101 SET character_set_client = @saved_cs_client */;

--
-- Dumping data for table `Course`
--

LOCK TABLES `Course` WRITE;
/*!40000 ALTER TABLE `Course` DISABLE KEYS */;
INSERT INTO `Course` VALUES (0,'B.Tech'),(1,'M.Tech'),(2,'MBA'),(4,'M.Sc'),(5,'MCA'),(6,'Ph.D');
/*!40000 ALTER TABLE `Course` ENABLE KEYS */;
UNLOCK TABLES;

--
-- Table structure for table `Department`
--

DROP TABLE IF EXISTS `Department`;
/*!40101 SET @saved_cs_client     = @@character_set_client */;
/*!40101 SET character_set_client = utf8 */;
CREATE TABLE `Department` (
  `dept_id` tinyint(4) NOT NULL,
  `dept_name` varchar(255) NOT NULL,
  PRIMARY KEY (`dept_id`)
) ENGINE=InnoDB DEFAULT CHARSET=latin1;
/*!40101 SET character_set_client = @saved_cs_client */;

--
-- Dumping data for table `Department`
--

LOCK TABLES `Department` WRITE;
/*!40000 ALTER TABLE `Department` DISABLE KEYS */;
INSERT INTO `Department` VALUES (0,'Applied Mechanics and Hydraulics'),(1,'Chemical Engineering'),(2,'Chemistry'),(3,'Civil Engineering'),(4,'Computer Science and Engineering'),(5,'Electrical and Electronics Engineering'),(6,'Electronics and Communication Engineering'),(7,'Information Technology'),(8,'Mathematical and Computational Sciences'),(9,'Mechanical Engineering'),(10,'Metallurgical and Materials Engineering'),(11,'Mining Engineering'),(12,'Physics'),(13,'Placement and Training'),(14,'Humanities, Social Sciences and Management'),(15,'Administrative Office'),(16,'Central Computer Center'),(17,'Central Library'),(18,'Health Care Center'),(19,'Garden Section'),(20,'Hostel Office'),(21,'Resident Engineers Office'),(22,'Sports Section'),(23,'Security');
/*!40000 ALTER TABLE `Department` ENABLE KEYS */;
UNLOCK TABLES;

--
-- Table structure for table `Dependant`
--

DROP TABLE IF EXISTS `Dependant`;
/*!40101 SET @saved_cs_client     = @@character_set_client */;
/*!40101 SET character_set_client = utf8 */;
CREATE TABLE `Dependant` (
  `dependant_id` tinyint(4) NOT NULL,
  `emp_id` varchar(31) NOT NULL,
  `name` varchar(255) NOT NULL,
  `dob` date NOT NULL,
  `sex` enum('MALE','FEMALE','OTHER') NOT NULL,
  `phno` char(10) NOT NULL,
  `email_id` varchar(255) NOT NULL,
  `relationship` varchar(255) NOT NULL,
  `patient_id` int(10) unsigned NOT NULL,
  `blood_id` enum('A+','A-','B+','B-','AB+','AB-','O+','O-') DEFAULT NULL,
  PRIMARY KEY (`emp_id`,`dependant_id`),
  KEY `patient_id` (`patient_id`),
  CONSTRAINT `Dependant_ibfk_1` FOREIGN KEY (`emp_id`) REFERENCES `Employee` (`emp_id`),
  CONSTRAINT `Dependant_ibfk_2` FOREIGN KEY (`patient_id`) REFERENCES `Patient` (`patient_id`)
) ENGINE=InnoDB DEFAULT CHARSET=latin1;
/*!40101 SET character_set_client = @saved_cs_client */;

--
-- Dumping data for table `Dependant`
--

LOCK TABLES `Dependant` WRITE;
/*!40000 ALTER TABLE `Dependant` DISABLE KEYS */;
/*!40000 ALTER TABLE `Dependant` ENABLE KEYS */;
UNLOCK TABLES;

--
-- Table structure for table `Doctor`
--

DROP TABLE IF EXISTS `Doctor`;
/*!40101 SET @saved_cs_client     = @@character_set_client */;
/*!40101 SET character_set_client = utf8 */;
CREATE TABLE `Doctor` (
  `doctor_id` tinyint(3) unsigned NOT NULL,
  `name` varchar(255) NOT NULL,
  `specialization` varchar(255) DEFAULT 'GENERAL',
  `emp_id` varchar(31) NOT NULL,
  PRIMARY KEY (`doctor_id`),
  KEY `emp_id` (`emp_id`),
  CONSTRAINT `Doctor_ibfk_1` FOREIGN KEY (`emp_id`) REFERENCES `Employee` (`emp_id`)
) ENGINE=InnoDB DEFAULT CHARSET=latin1;
/*!40101 SET character_set_client = @saved_cs_client */;

--
-- Dumping data for table `Doctor`
--

LOCK TABLES `Doctor` WRITE;
/*!40000 ALTER TABLE `Doctor` DISABLE KEYS */;
INSERT INTO `Doctor` VALUES (0,'Dr.Who','NA','0'),(1,'Anil Kumar','PAEDIATRICS','VISITDOC001'),(2,'T. Susan Mani','GYNAECOLOGY','VISITDOC002'),(3,'Aravind Bhat','DENTISTRY','VISITDOC003'),(4,'Keshav Pai','PSYCHIATRY','VISITDOC004'),(5,'Supriya Hegde','PSYCHIATRY','VISITDOC005'),(99,'Bhaskar Bhandary','General','14IT110DOCTOR');
/*!40000 ALTER TABLE `Doctor` ENABLE KEYS */;
UNLOCK TABLES;

--
-- Table structure for table `Doctor_degree`
--

DROP TABLE IF EXISTS `Doctor_degree`;
/*!40101 SET @saved_cs_client     = @@character_set_client */;
/*!40101 SET character_set_client = utf8 */;
CREATE TABLE `Doctor_degree` (
  `degree` varchar(255) NOT NULL,
  `doctor_id` tinyint(3) unsigned NOT NULL,
  PRIMARY KEY (`doctor_id`,`degree`),
  CONSTRAINT `Doctor_degree_ibfk_1` FOREIGN KEY (`doctor_id`) REFERENCES `Doctor` (`doctor_id`)
) ENGINE=InnoDB DEFAULT CHARSET=latin1;
/*!40101 SET character_set_client = @saved_cs_client */;

--
-- Dumping data for table `Doctor_degree`
--

LOCK TABLES `Doctor_degree` WRITE;
/*!40000 ALTER TABLE `Doctor_degree` DISABLE KEYS */;
/*!40000 ALTER TABLE `Doctor_degree` ENABLE KEYS */;
UNLOCK TABLES;

--
-- Table structure for table `Drug`
--

DROP TABLE IF EXISTS `Drug`;
/*!40101 SET @saved_cs_client     = @@character_set_client */;
/*!40101 SET character_set_client = utf8 */;
CREATE TABLE `Drug` (
  `drug_id` int(10) unsigned NOT NULL,
  `generic_name` varchar(255) DEFAULT NULL,
  `trade_name` varchar(255) DEFAULT NULL,
  `category_id` tinyint(3) DEFAULT NULL,
  PRIMARY KEY (`drug_id`),
  KEY `category_id` (`category_id`),
  KEY `drug_index` (`drug_id`),
  CONSTRAINT `Drug_ibfk_1` FOREIGN KEY (`category_id`) REFERENCES `Category` (`category_id`)
) ENGINE=InnoDB DEFAULT CHARSET=latin1;
/*!40101 SET character_set_client = @saved_cs_client */;

--
-- Dumping data for table `Drug`
--

LOCK TABLES `Drug` WRITE;
/*!40000 ALTER TABLE `Drug` DISABLE KEYS */;
INSERT INTO `Drug` VALUES (1,'BISACODYL','BOLAX',0),(2,'DEXTROSE','DEXTROSE',0),(3,' ISONIAZID','ISONIAZIDE',0),(4,' ISONIAZID','ISONIAZIDE',0),(5,'TERBINAFINE HCL','TERAFAN',0),(6,'CEFUROXIME  SODIUM','ZINACEF',0),(7,'VIT B1 + VITB6 + VITB12','3V',0),(8,'GLUCOSE','5D',0),(9,' PARACETAMOL + PSEUDOEPHEDRINE + CHLORPHE','A-FERIN PLUS',0),(10,' ABACAVIR SULPHATE','ABAC',0),(11,'ABACAVIR SULPHATE','ABACAVIR SULFATE',0),(12,'ABACAVIR SULPHATE','ABACAVIR SULFATE',0),(13,'ABACAVIR SULPHATE/LAMIVUDINE','ABACAVIR SULPHATE/LAMIVUDINE',0),(14,'ABACAVIR SULPHATE','ABAMUNE',0),(15,'ABACAVIR SULPHATE','ABAMUNE',0),(16,'CAPTOPRIL','ACETAB',0),(17,'ACICLOVIR','ACICLOVIR',0),(18,'RANITIDINE HYDROCHLORIDE','ACILOC',0),(19,'RANITIDINE HYDROCHLORIDE','ACILOC-150',0),(20,' ACYCLOVIR','ACIVIR',0),(21,'ACYCLOVIR','ACIVIR-200',0),(22,'ACYCLOVIR','ACYCLOVIR DENK',0),(23,'ACYCLOVIR','ACYCLOVIR DENK',0),(24,'NIFEDIPINE','ADALAT LA 30',0),(25,'NIFEDIPINE','ADALAT LA 60',0),(26,'DICLOFENAC SODIUM','ADIFLAM',0),(27,'DICLOFENAC DIETHYLAMINE','ADIFLAM',0),(28,'PARACETAMOL','ADOL',0),(29,'PARACETAMOL','ADOL',0),(30,'ADRENALINE ','ADRENALINE ',0),(31,'METHYLPREDNISOLONE ACEPONATE',' ADVANTAN',0),(32,'METHYLPREDNISOLONE ACEPONATE','ADVANTAN',0),(33,' DESLORATADINE','AERIUS',0),(34,'ALBENDAZOLE','ALBENDAZOEL',0),(35,' ALBENDAZOLE','ALBENZ-400',0),(36,'CEFTRIAXONE',' ALCIZON',0),(37,'CROMOLYN SODIUM','ALLERCROM',0),(38,'BETAMETHASONE + DEXCHLORPHENIRAMINE','ALMETHAMIN',0),(39,'DICLOFENAC SODIUM',' ALMIRAL',0),(40,'LOSARTAN POTASSIUM','ALSARTAN-50',0),(41,'ALBENDAZOLE','ALZENTAL',0),(42,'GLIMEPIRIDE','AMARYL',0),(43,'GLIMEPIRIDE','AMARYL',0),(44,'GLIMEPIRIDE','AMARYL',0),(45,'AMPHOTERICIN B','AmBisome',0),(46,' AMINOPHYLLINE','AMINOPHYLLINE',0),(47,'AMIODARONE HCL',' AMIRONE',0),(48,'AMITRIPTYLINE HCL','AMITRIN-25',0),(49,'AMLODIPINE BESILATE','AMLO-DENK',0),(50,'AMLODIPINE BESILATE','AMLO-DENK',0),(51,'AMLODIPINE','AMLORINE 10',0),(52,'AMLODIPINE','AMLORINE-5',0),(53,'AMOXICILLIN','AMOX-125',0),(54,'AMOXICILLIN','AMOX-250',0),(55,'AMOXICILLIN','AMOX-500',0),(56,'AMOXICILLIN','AMOXAPEN 500',0),(57,'AMOXICILLIN','AMOXI-DENK500',0),(58,'AMOXICILLIN','AMOXICILLIN',0),(59,'AMOXICILLIN',' AMOXICILLIN',0),(60,'AMOXICILLIN','AMOXIL',0),(61,'AMOXICILLIN','AMOXIL',0),(62,'AMOXICILLINE','AMOXIL',0),(63,'AMOXICILLINE','AMOXIL FORTE',0),(64,'AMOXICILLINE','AMOXIL FORTE',0),(65,'CHLORAMPHENICOL','AMPHEN',0),(66,'AMPICILLIN','AMPI-500',0),(67,'AMPICILLIN','AMPICILLIN',0),(68,'AMPICILLIN SODIUM','AMPICILLIN SODIUM',0),(69,'AMLODIPINE','AMTAS',0),(70,'AMLODIPINE','AMTAS',0),(71,'AMOXICILLIN','AMYN',0),(72,'AMOXICILLIN','AMYN 250',0),(73,'ANASTRAZOLE','ANASTRAZOLE',0),(74,'VITAMIN-B COMPLEX','ANCOPIR',0),(75,'SILDENAFIL CITRATE','ANDROZ',0),(76,'KETAMINE HCL','ANEKET',0),(77,'ALLANTOIN + HYDROCORTISONE ACETATE+LIDOCAI','ANOMEX',0),(78,' NORFLOXACIN','ANSOR',0),(79,'ALUMINIUM HYDROXIDE+MAGNESIUM GYDROXIDE','ANTAGIT DS',0),(80,'ENALAPRIL MALEATE','ANTENS',0),(81,'CLOPIDOGREL','ANTIPLATT',0),(82,'CARBIMAZOLE',' ANTITHYROX',0),(83,' AMPICILLIN','APICILIN-125',0),(84,' AMPICILLIN','APICILIN-250',0),(85,'TIMOLOL MALEATE','APIMOL',0),(86,'SODIUM DICHLORO ISOCYANURATE','AQUATABS',0),(87,'ANASTROZOLE','ARIMIDEX',0),(88,'MELOXICAM','AROXICAM',0),(89,'ARTEMETHER + LUMEFANTRINE','aRTHEMEHER + lUMEFANTRINE',0),(90,'DICLOFENAC SODIUM','ARTIMED',0),(91,'CETRIZINE','ASCET',0),(92,' DIMENHYDRINATE','ASDIM',0),(93,'DOXYCYCLINE','ASDOXIN',0),(94,' IBUPROFEN','ASFEN-400',0),(95,'FOLIC ACID','ASFLIC',0),(96,'CIPROFLOXACIN','ASFLOX',0),(97,'FUROSEMIDE','ASIX',0),(98,'PARACETAMOL','ASMOL',0),(99,'AMLODIPINE','ASOMEX-2.5',0),(100,' AMLODIPINE','ASOMEX-5.0',0),(101,'ASPRIN','ASPICARD',0),(102,'ACETYLSALYCILIC ACID','ASPIRIN CARDIO',0),(103,'MEBENDAZOLE','ASTAZOLE',0),(104,'TINIDAZOLE','ASTIBA',0),(105,'SULFAMETHOXAZOLE + TRIMETHOPRIM','ASTRIM',0),(106,'MULTIVITAMIM','ASTYMIN',0),(107,'CANDESARTAN CILEXETIL','ATACAND',0),(108,'CANDESARTAN CILEXETIL','ATACAND',0),(109,'CANDESARTAN CILEXETIL','ATACAND',0),(110,'CANDESARTAN CILEXETIL+HYDROCHLOROTHIAZID',' ATACAND PLUS',0),(111,' ATAZANAVIR SULFATE','ATAZOR',0),(112,'ATAZANAVIR SULFATE','ATAZOR',0),(113,'ATORVASTATIN',' ATCHOL-10',0),(114,'ATENOLOL',' ATENOLO-DENK',0),(115,'ATORVASTATIN',' ATEROZ',0),(116,'ATORVASTATIN','ATEROZ',0),(117,'ATORVASTATIN',' ATEROZ',0),(118,'ATORVASTATIN  FC','ATEROZ',0),(119,'EFAVIRENZ + EMTRICITABINE + TENOFOVIR DI','ATRIPLA',0),(120,'ATORVASTATIN','ATSTAT 10',0),(121,'AMOXICILLIN+CLAVULANIC ACID','AUGMENTIN',0),(122,'AUGMENTIN, AMOXICILLIN+CLAVULANIC ACID','AUGMENTIN',0),(123,'AMOXYCILLIN+CLAVULINIC ACID','AUGMENTIN',0),(124,'AMOXICILLIN+CLAVULANIC ACID','AUGMENTIN',0),(125,'AMOXACILLINE AND CLAVULANIC ACID','AUGMENTIN',0),(126,'AMOXACILLINE AND CLAVULANIC ACID','AUGMENTIN',0),(127,'AMOXICILLIN + CLAVULANIC ACID','AUGUMENTIN',0),(128,'AMOXICILLIN + CLAVULANIC ACID','AUGUMENTIN',0),(129,' LISINOPRIL','AUROLIZA 10',0),(130,'METFORMIN HYDROCHLORIDE','AUROMETFORMIN 850',0),(131,'CEFPROZIL',' AUROZIL',0),(132,'CEFPROZIL','AUROZIL',0),(133,'FLUTICASONE FUROATE','AVAMYS ',0),(134,'ROSIGLITAZONE','AVANDIA',0),(135,'CARVEDILOL','AVERNOL',0),(136,'LAMIVUDINE+NEVIRAPINE+ZIDOVUDINE','AVOCOMB-N',0),(137,'SALBUTAMOL SULPHATE','AZMAZOL HFA',0),(138,' ISOCONAZOLE NITRATE + DIFLUCORTOLONE VAL','AZONIT-D',0),(139,'PYRIDOXINE HCL','B-SIX',0),(140,'SULFAMETHOXAZOLE + TRIMETHOPRIM','BACTRIM',0),(141,'MUPIROCIN','BACTROBAN',0),(142,'BECLOMETASONE DIPROPIONATE','BCLOTIS',0),(143,'MULTIVITAMIN,',' BEBE-VIT',0),(144,'BECLOMETHASONE','BECLATE',0),(145,'BECLOMETHASONE','BECLATE  100 INHALERS-CFC FREE',0),(146,'BECLOMETHASONE','BECLATE 200 INHALER CFC FREE',0),(147,'MULTIVITAMIN','BECOM-C',0),(148,'ALBENDAZOLE',' BENDEX',0),(149,'BETAMETHASONE VALERATE','BENOSONE',0),(150,' BENZANTHINE PENICILLIN','BENZANTHINE PENICILLIN',0),(151,'BENZYL BENZOATE','BENZYL BENZOATE',0),(152,'BENZYL BENZOATE','BENZYL BENZOATE ',0),(153,'MULTIVITAMIN','BEPLEX-FORTE',0),(154,' BETAMETHASONE','BEPROGEL',0),(155,'BETAMETHASONE','BETADERM',0),(156,'BETAMETHASONE','BETADERM',0),(157,'BETAMETHASONE VALERATE','BETALEB',0),(158,'BETAMETHASONE VALERATE','BETALEB',0),(159,'METOPROLOL SUCCINATE',' BETALOC ZOK',0),(160,'METOPROLOL SUCCINATE','BETALOC ZOK',0),(161,' METOPROLOL SUCCINATE',' BETALOC ZOK',0),(162,'GLIBENCLAMIDE','BETANASE',0),(163,'BETAMETASONE VALERATE','BETASONE',0),(164,'BETAMETHASONE VALERATE','BETNOVATE',0),(165,'BETAMETHASONE VALERATE','BETNOVATE',0),(166,'BETAXOLOL HCL','BETOPTIC',0),(167,'DOXYCYCLINE HYCLATE','BIDOX',0),(168,'METFORMIN HYDROCHLORIDE','Bigomet',0),(169,'','BIOCAN ',0),(170,' BISACODYL','BISACODYL 5',0),(171,'SULFAMETHOXAZOLE + TRIMETHOPRIM','BISEPTON',0),(172,'BLEOMYCIN SULFATE','BLEOCIP',0),(173,' IBANDRONATE MONOSODIUM SALT MONOHYDRATE','BONVIVA',0),(174,'TOBRAMYCIN','BRALIFEX',0),(175,'CHLORDIAZEPOXIDE+CLIDINIUM BROMIDE','BRALIX',0),(176,'METFORMIN HYDROCHLORIDE','BROT',0),(177,'IBUPROFEN','BUTAFEN',0),(178,'SALBUTAMOL SULPHATE','BUTALIN',0),(179,'CIPROFLOXACIN',' C-FLOX',0),(180,'TINIDAZOLE','CACHTIN',0),(181,'OMEPRAZOLE','CACID-O',0),(182,'VITAMINS AND MINERALS','CADBE',0),(183,'PARACETAMOL','CADIMOL',0),(184,'PARACETAMOL','CADIMOL',0),(185,'NIFEDIPINE','CALCICOR',0),(186,' CALCIUM CARBONATE+VIT D3','CalciD-DENK',0),(187,'NIFEDIPINE','CALCIGARD RETARD',0),(188,'MULTIVITAMINE AND MINERALS','CAMVIT PLUS',0),(189,'HYDROCORTISON +CLOTRIMAZOLE','CANDACORT',0),(190,'CLOTRIMAZOLE','CANDAZOLE',0),(191,'CLOTRIMAZOLE','CANDID',0),(192,'CLOTRIMAZOLE','CANDID ',0),(193,'CLOTRIMAZOLE','CANDID ',0),(194,' CLOTRIMAZOLE','CANDID V6',0),(195,'ITRACONAZOLE','CANDITRAL',0),(196,'MICONAZOLE NITRATE','CANDIZOL',0),(197,'CLOPIDOGREL BISULPHATE','CAPLOR',0),(198,'CAPTOPRIL','CAPTOPRIL-DENK',0),(199,'CARBAMAZEPINE','CARBATOL',0),(200,' CARVEDILOL','CARVIDOL',0),(201,'CASTOR OIL','CASTOR OIL 100%',0),(202,'DICLOFENAC POTASSIUM','CATAFLAM 50',0),(203,'ATENOLOL',' CATENOL',0),(204,'ATENOLOL','CATENOL',0),(205,'CEPHALEXIN',' CEFAMOR',0),(206,'CEPHALEXIN','CEFAMOR',0),(207,'CEFTRIAXONE','CEFAX',0),(208,'CEFTRIAXONE','CEFAX',0),(209,'CEFTRIAXONE','CEFAX',0),(210,'CEFTRIAXONE','CEFAXONE',0),(211,' CEPHALEXIN','CEFF 250',0),(212,'CEPHALEXIN','CEFF 500',0),(213,'CEPHALEXIN','CEFF DRY SYRUP',0),(214,'CEFIXIME','CEFIM 200',0),(215,' CEFIXIME TRIHYDRATE','CEFIMED',0),(216,'CEFIXIME','CEFIX',0),(217,'CEFIXIME','CEFIX',0),(218,'CEFTRIAXONE','CEFOGRAM',0),(219,'CEFOTAXIME SODIUM','CEFOTAXIME SODIUM',0),(220,'CEFTRIAXONE','CEFTASH',0),(221,' CEFTAZIDIME','CEFTAZASH',0),(222,'CEFTRIAXONE','CEFTAZONE',0),(223,'CEFTRIAXONE','CEFTAZONE',0),(224,'CEFUROXIME AXETIL','CEFUTIL',0),(225,'BETAMETHASONE + DEXCHLORPHENIRAMINE MALE','CELESTAMINE',0),(226,' CEFALEXIN','CELEXIN 500',0),(227,' MYCOPHENOLATE MOFETIL','CELLCEPT',0),(228,'ALUMINA, MAGNESIA AND SIMETHICONE ORAL S','CENTACID',0),(229,'GENTAMYCIN SULFATE','CENTAMICIN',0),(230,'HUMAN PAPILLOMA VIRUS','CERVARIX',0),(231,'PARACETAMOL','CETAL',0),(232,'CETIRIZINE HYDROCHLORIDE','CETGEL',0),(233,'CEFUROXIME AXETIL','CETIL',0),(234,'CEFUROXIME AXETIL','CETIL',0),(235,'VITAMINE C','CHEWETTE  C',0),(236,'LANSOPRAZOLE','CHEXID',0),(237,'CHLORAMPHENICOL','CHLORAMPHENICOL',0),(238,'CHLORAMPHENICOL',' CHLORAMPHENICOL',0),(239,'CHLORAMPHENICOL','CHLORAMPHENICOL',0),(240,'CHLORAPHENICOL SODIUM SUCCINATE','CHLORAMPHENICOL SODIUM SUCCINATE',0),(241,'CHLOROQUINE PHOSPHATE','CHLOROQUINE',0),(242,'CIMETIDINE','CIMET',0),(243,' CHLORPHENIRAMINE MALEATE','CIPIUM',0),(244,'CIPROFLOXACIN','CIPLOX',0),(245,'CIPROFLOXACIN','CIPRO DENK 500',0),(246,'CIPROFLOXACIN','CIPROBID',0),(247,'CIPROFLOXACIN','CIPROBID',0),(248,'CIPROFLOXACIN','CIPROGLEN',0),(249,'CIPROFLOXACIN','CIPROKIN',0),(250,'CIPROFLOXACIN','CIPROLEB',0),(251,' CIPROFLOXACIN','Cipropharm',0),(252,'CIPROFLOXACIN','CIPROQUIN',0),(253,'ACYCLOVIR',' CIVAR',0),(254,'CLARITHROMYCIN','CLAREM',0),(255,'CLARITHROMYCIN','CLARICIDE',0),(256,'CLARITHROMYCIN','CLARICIDE',0),(257,'CLARITHROMYCIN','CLARIE OD',0),(258,'PSEUDOEPHEDRINE SULPHATE + LORATADINE','CLARINASE REPETABS',0),(259,'LORATAIDINE','Claritine',0),(260,'LORATAIDINE','Claritine',0),(261,'CLARITHROMYCIN','CLARITRON',0),(262,'CLARITHROMYCIN','CLARIX',0),(263,'AMOXICILLIN + CLAVULANIC ACID','CLAVOMID 375',0),(264,'AMOXICILLIN + CLAVULANIC ACID',' CLAVOMID 625',0),(265,'AMOXICILLIN+CLAVULANIC ACID','CLEDEMOX',0),(266,'AMOXICILLIN+CLAVULANIC ACID','CLEDOMOX',0),(267,'AMOXICILLIN+CLAVULANIC ACID','CLEDOMOX 375',0),(268,'ENOXAPARIN SODIUM','CLEXANE  2000 ANTI-Xa',0),(269,'ENOXAPARIN SODIUM','CLEXANE  4000 ANTI-Xa',0),(270,'ENOXAPARIN SODIUM','CLEXANE  6000 ANTI-Xa',0),(271,'ENOXAPARIN SODIUM','CLEXANE  8000 ANTI-Xa',0),(272,'CLOBETASOL PROPIONATE','CLODERM',0),(273,'CLOBETASOL PROPIONATE','CLODERM',0),(274,'CLOBETASOL PROPIONATE','CLODERM',0),(275,'METOCLOPRAMIDE HYDROCHLORIDE','CLOPERAN 10',0),(276,'CLOTRIMAZOLE','CLOTRI-DENK',0),(277,'CLOTRIMAZOLE','CLOTRIMAZOLE',0),(278,'CLOTRIMAZOLE','CLOTRINE',0),(279,'SULPHAMETHOXAZOLE + TRIMETOPRIM','CO-TRIMOXAZOLE',0),(280,'ARTEMETHER + LUMEFANTRINE','COARTEM DISPERSIBLE',0),(281,' ATORVASTATIN','COLESTOP',0),(282,'ATORVASTATIN','COLESTOP',0),(283,'ATORVASTATIN','COLESTOP',0),(284,'COLISTINE SULPHATE','COLIVETo-4800',0),(285,'RINGER LACTATE','COMPOUND SODIUM LACTATE INTRAVENOUS INFU',0),(286,'MEDROXYPROGESTERONE ACETATE','CONFIDENCE DEPOGESTIN',0),(287,'IRBESARTAN','CONVERIUM',0),(288,'IRBESARTAN','CONVERIUM',0),(289,'IRBESARTAN','CONVERIUM',0),(290,'RIBAVIRIN','COPEGUS',0),(291,'CARVEDILOL','CORONIS',0),(292,'CARVEDILOL','CORONIS',0),(293,'CARVEDILOL','CORONIS',0),(294,'HYDROCORTISONE SODIUM SUCCINATE','CORT-S',0),(295,'HYDROCORTISONE','CORTILEB',0),(296,'SULFAMETHOXAZOLE+ TRIMETHOPRIM','COTRI',0),(297,'SULPHAMETHOXAZOLE + TRIMETOPRIM','COTRIM 120',0),(298,'SULPHAMETHOXAZOLE + TRIMETOPRIM','COTRIM-960',0),(299,'SULPHAMETHOXAZOLE + TRIMETOPRIM','COTRIMOL',0),(300,'ROSUVASTATINE','CRESTOR',0),(301,'ROSUVASTATINE','CRESTOR',0),(302,'ROSUVASTATINE','CRESTOR',0),(303,'ROSUVASTATINE','CRESTOR',0),(304,'VINCRISTINE','CRISTOL',0),(305,'SILDENAFIL CITRATE','CUPID',0),(306,'AMOXACILLINE AND CLAVULANIC ACID',' CURAM',0),(307,'AMOXACILLINE AND CLAVULANIC ACID',' CURAM',0),(308,'AMOXACILLINE AND CLAVULANIC ACID','CURAM',0),(309,'AMOXACILLINE AND CLAVULANIC ACID','CURAM',0),(310,' ACYCLOVIR','CYCLOVIR',0),(311,'METOCLOPRAMIDE HCL','CYNOVIT',0),(312,'TAMOXIFEN CITRATE','CYTOTAM-10',0),(313,'GLUCOSE','D5 (GLUCOSE INTRAVENOUS INFUSION BP) 5%',0),(314,'MICONAZOLE','DAKTARIN',0),(315,'MICONAZOLE',' DAKTARIN',0),(316,'GLIBENCLAMIDE','DAONIL',0),(317,'DAUNORUBICINE HYDROCHLORIDE','DAUNOTEC',0),(318,'DICLOFENAC SODIUM','DECLOPHEN',0),(319,'ACYCLOVIR','DECLOVIR',0),(320,'XYLOMETAZOLINE','DECOZAL',0),(321,'MICONAZOLE','DECOZOL',0),(322,'MICONAZOL',' DECOZOL',0),(323,'CLOBETASOL PROPIONATE','DELOR',0),(324,'NIFEDIPINE','DEPIN-E RETARD',0),(325,'CLOPIDOGREL  BISULPHATE','DEPLATT',0),(326,'METHYLPREDNISOLONE ACETATE','DEPO-MEDROL 40',0),(327,'METHYLPREDNISOLONE ACETATE','DEPO-MEDROL 80',0),(328,'MEDROXY PROGESTERONE ACETATE','DEPO-PROVERA',0),(329,'SULFAMETHOXAZOLE + TRIMETHOPRIM','DEPRIM',0),(330,'SALBUTAMOL','DERIHALER',0),(331,'BETAMETHASONE DIRPROPIONATE','DERMOSONE',0),(332,'CLOBETASOL PROPIONATE','DERMOVATE',0),(333,'CLOBETASOL PROPIONATE','DERMOVATE',0),(334,'DESLORATADINE','DESLATYNE',0),(335,'LEVAMISOLE','DETRAX',0),(336,'DEXAMETHASONE SODIUM PHOSPHATE','DEXAMETHASONE',0),(337,'DEXAMETHASONE SODIUM PHOSPHATE','DEXAMETHASONE',0),(338,'DEXAMETHASONE','DEXAMETHASONE',0),(339,'DEXAMETHASONE SODIUM PHOSPHATE','DEXAMETHASONE SODIUN PHOSPHATE',0),(340,'NEOMYCINE+ POLYMYXIN B SULPHATE+ DEXAMET','DEXATROL',0),(341,'DEXAMETHASONE SODIUM PHOSPHATE','DEXO  INJECTION',0),(342,'DEXAMETHASONE SODIUM PHOSPHATE','DEXONA',0),(343,'DEXTROMETHORPHAN HBR','DEXTROKUF',0),(344,'DEXTROSE ANHYDROUSE','DEXTROSE',0),(345,'DEXTROSE + SODIUM CHLORIDE','DEXTROSE IN SODIUM CHLORIDE',0),(346,'KETOCONAZOLE','DEZOR',0),(347,'KETOCONAZOLE','DEZOR',0),(348,'KETOCONAZOLE','DEZOR',0),(349,'DICLOFENAC SODIUM','DFLAM',0),(350,'METFORMIN HYDROCHLORIDE','DIABETAMIN RETARD',0),(351,'METFORMIN HYDROCHLORIDE','DIALON',0),(352,'METFORMIN HYDROCHLORIDE','DIALON',0),(353,'DICLOFENAC','DICLO-DENK',0),(354,'DICLOFENAC','DICLO-DENK',0),(355,'DICLOFENAC SODIUM','DICLO-DENK 100  ',0),(356,'DICLOFENAC SODIUM','DICLO-EPHARM',0),(357,'DICLOFENAC SODIUM','DICLOAS',0),(358,'DICLOFENAC SODIUM','DICLOFENAC',0),(359,'DICLOFENAC SODIUM','DICLOFENAC',0),(360,'DICLOFENAC SODIUM','DICLOFENAC SODIUM',0),(361,'DICLOFENAC','DICLOFLAME',0),(362,'DICLOFENAC SODIUM','DICLONASH',0),(363,'DICLOFENAC SODIUM','DICLONASH',0),(364,'DICLOFENAC SODIUM','DICLORAN',0),(365,'DICLOFENAC SODIUM','DICLORAN',0),(366,'DIDANOSINE ','DIDANOSINE',0),(367,'DICLOFENAC SODIUM','DIKLOFEN',0),(368,'CLOPIDOGREL','DILOXOL',0),(369,'DIMRNHYDRINATE','DIMENHYDRINATE 50',0),(370,'METFORMIN HCL','DIMET 500',0),(371,'METFORMIN HCL','dimet 850',0),(372,'DIMINAZENE ACETURATE+PHENAZONE','DIMINAVIC',0),(373,'DICLOFENAC SODIUM',' DINAC',0),(374,'VALSARTAN','DIOVAN 160',0),(375,'VALSARTAN','DIOVAN 80',0),(376,'BETAMETHASON SODIUM PHOSPHATE  + BETAMET','DIPROFOS',0),(377,'BETAMETHASONE','DIPROSONE',0),(378,' BETAMETHASONE','DIPROSONE',0),(379,'PIROXICAM','DISPERCAM',0),(380,'METOCLOPRAMIDE','DO-SPERTINE',0),(381,'TRAMADOL','DOMADOL',0),(382,'MEDAZOLAM','DORMICUM',0),(383,'MEDAZOLAM','DORMICUM',0),(384,'MEDAZOLAM','DORMICUM',0),(385,'DOXYCYCLINE','DOXY-DENK',0),(386,'DOXYCYCLINE','DOXYLAG',0),(387,'DOXYCYCLINE HYCLATE','DOXYLEB',0),(388,'DOXYCYCLINE','DOXYRIV',0),(389,'DIHYDROARTEMISINIM+PIPERAQUINE PHOSPHATE','DUO-COTECXIN',0),(390,'TENOFOVIR + LAMIVUDINE','DUOMUNE',0),(391,'ZIDOVUDINE+ LAMIVUDINE','DUOVIR',0),(392,' ZIDOVUDINE+ LAMIVUDINE +NEVIRAPINE','DUOVIR-N',0),(393,'DICLOFENAC SODIUM',' DYCLO',0),(394,'DICLOFENAC SODIUM','DYNAPAR EC',0),(395,'AMOXICILLIN','E-MOX',0),(396,'AMOXICILLIN','E-MOX',0),(397,'AMOXICILLIN + CLAVULANIC ACID','E-MOXCLAV',0),(398,'AMOXICILLIN + CLAVULANIC ACID','E-MOXCLAV',0),(399,'FLUCONAZOLE','EAPACON',0),(400,'DOXYCYCLINE','EAPADOXINE',0),(401,'TETRACYCLINE HYDROCHLORIDE','EAPATET',0),(402,'DEXTROMETHORPHAN HYDROBROMIDE',' EASCOF-DM',0),(403,'LIDOCAINE HCL + L-ADRENALINE','ECOCAIN 25',0),(404,'ETHAMBUTOL','ECOX',0),(405,'EFAVIRENZ','EFACURE',0),(406,'EFAVIRENZ','EFAVIR',0),(407,'EFAVIRENZ','EFAVIRENZ',0),(408,' EFAVIRENZ','EFAVIRENZ',0),(409,'EFAVIRENZ','EFAVIRENZ',0),(410,'EFAVIRENZ','EFAVIRENZ 600',0),(411,'MOMETASONE FUROATE','EL0COM',0),(412,'SODIUM CHLORIDE+POTASSIUM CHLORIDE+SODIU','ELECTRAL',0),(413,'MOMETASONE FUROATE','ELICA',0),(414,'MOMETHASONE FUROATE','ELNA',0),(415,'MOMETASONE FUROATE','ELOCOM',0),(416,'MOMETASONE FUROATE','ELOCOM',0),(417,'MEFLOQUINE','ELOQUINE',0),(418,'MOMETHASONE FUROATE','ELOSONE',0),(419,'MOMETHASONE FUROATE','ELOSONE',0),(420,'LEVONORGESTREL','EMCON',0),(421,'EMITRICITABINE + TENOFOVIRE DISPROXIL F','EMITRICITABINE + TENOFOVIR DISOPROXILE F',0),(422,' ENALAPRIL MALEATE','ENAPREL   ABID SCORED TABLETS',0),(423,'CLOBETASOL PROPIONATE',' ENDERM',0),(424,'CLOBETASOL PROPIONATE','ENDERM OINTMENT',0),(425,'MULTIVITAMIN AND MINERALS','ENERVIT',0),(426,'HEPATITIS-B SURFACE ANTIGEN','ENGERIX-B',0),(427,'HEPATITIS-B SURFACE ANTIGEN','ENGERIX-B',0),(428,' AMOXICILLIN + CLAVULANIC ACID',' ENHANCIN',0),(429,' AMOXICILLIN + CLAVULANIC ACID','ENHANCIN',0),(430,'AMOXICILLIN','ENHANCIN',0),(431,'AMPICILLIN','EPICOCILLIN',0),(432,'DICOLOFENAC SODIUM','EPIFENAC',0),(433,'GENTAMICIN','EPIGENT',0),(434,'SODIUM VALPORATE + VALPROIC ACID','EPILIM CHRONO',0),(435,'METHYL PREDINSOLONE ACETATE','EPIZOLONE-DEPOT',0),(436,'ERYTHROPOIETIN','EPOTIN',0),(437,'CAPTOPRIL','EPSITRON',0),(438,'ERYTHROMYCIN','ERYCIN',0),(439,'ERYTHROMYCIN',' ERYKO-250',0),(440,'ESOMEPRAZOLE','ESOZ-20',0),(441,'MULTIVITAMIN','ESSENTIALE  ',0),(442,'DE-OILED ENRICHED PHOSPHOLIPIDS FROM SOY','ESSENTIALE ',0),(443,'ETHIONAMIDE','ETHIONAMIDE',0),(444,'CROTAMITON','EURAX',0),(445,'VITAMIN E','EVIT',0),(446,' CEFTRIAXONE','EXCEPHIN',0),(447,'CEFTRIAXONE','EXCEPHIN',0),(448,'CEFTRIAXONE','EXEPHIN',0),(449,'TETRAHYDROZOLINE HYDROCHLORIDE','EYE-VISOL',0),(450,'GEMIFLOXACIN','FACTIVE',0),(451,'FAMOTIDINE','FAMOCID',0),(452,'MEDROXY PROGESTERONE ACETATE','FAMY DEPO',0),(453,'DICLOFENAC SODIUM','FASTEN',0),(454,' PARACETAMOL','FEBRIDOL',0),(455,'HYDROQUINONE','FEDIQUIN',0),(456,'FERROUS SULPHATE+FOLIC ACID','FEFOL',0),(457,'CEFALEXIN','FELEXIN 500',0),(458,' IRON SUCROSE CONCENTRATED SOLUTION','FEROMAX',0),(459,'IRON, MINERALS AND VITAMINS SOFTULES','FERUP SOFTULES',0),(460,' CETIRIZINE','FINALLERG',0),(461,' MELOXICAM','FLEXICAM',0),(462,'MELOXICAM','FLEXICAM',0),(463,'FLUOXETINE',' FLOCEPT 20',0),(464,'OFLOXACIN','FLOXEDOL',0),(465,'CIPROFLOXACIN','FLOXINE',0),(466,'FLUOCEINOLONE ACETONIDE','FLUCIDERM',0),(467,'FLUCONAZOLE','FLUCORIC  150',0),(468,'FLUOCEINOLONE ACETONIDE','FLUCORT',0),(469,'FLUOROURACIL','FLUOROURACIL',0),(470,'FLUCONAZOLE',' FLUZONE',0),(471,'SODIUM FUCIDATE','FOBAN',0),(472,'FUCIDIC ACID','FOBAN',0),(473,' BETAMETHASONE DIPROPIONATE + FUSIDIC ACI','FOBANCORT CREAM',0),(474,'BETAMETASONE DIPROPIONATE+SODIUM FUSIDAT',' FOBANCORT OINTMENT',0),(475,'CETRIAXONE','FORSEF',0),(476,'CEFTRIAXONE','FORSEF',0),(477,'PROCAIN PENICILLIN + BENZYLPENCILLIN POT',' FORTIFIED PROCAIN PENCILLIN',0),(478,'CEFTAZIDIME PENTAHYDRATE','FORTUM',0),(479,'FUROSEMIDE','FREMID',0),(480,' FUSIDIC ACID','FUDION',0),(481,'KETOCONAZOLE','FUNGICID',0),(482,'CLOTRIMAZOLE','FUNGICIP',0),(483,'KETOCONAZOLE','FUNGISTAB',0),(484,' DILOXANIDE FUROATE','FURAMEBE',0),(485,'FUROSEMIDE','FURO-DENK',0),(486,'FUROSEMIDE',' FUROSEMIDE',0),(487,'SODIUM FUSIDATE','FUTASOLE',0),(488,'ETOPSIDE','FYTOSID',0),(489,'GADOBUTROL','GADOVIST',0),(490,'VILDAGLIPTIN','GALVUS',0),(491,'VILDAGLIPTIN + METFORMIN HCL','GALVUSMET',0),(492,'VILDAGLIPTIN + METFORMIN HCL','GALVUSMET',0),(493,'VILDAGLIPTIN + METFORMIN HCL','GALVUSMET',0),(494,' HUMAN INSULIN LENTE','GANSULIN N',0),(495,'HUMAN INSULIN LENTE','GANSULIN R',0),(496,'ALBENDAZOLE','GENALBEN SUSPENSION',0),(497,'IBUPROFEN','GENOFEN',0),(498,'GENTAMYCIN SULFATE','GENTAMEDINE',0),(499,'GENTAMICIN','GENTAMYCIN',0),(500,'GENTAMYCIN','GENTAMYCIN',0),(501,'GENTAMYCIN','GENTAMYCIN',0),(502,'GENTAMYCIN','GENTAMYCIN SULPHATE',0),(503,'GENTAMYCIN SULPHATE','GENTAMYCIN SULPHATE',0),(504,'GENTAMYCIN SULPHATE','GENTOCIL',0),(505,'TIMOLOL MALEATE','GLAUMOL',0),(506,'GLIBENCLAMIDE','GLIBENCLAMIDE',0),(507,'METFORMIN HYDROCHLORIDE','GLIFOR',0),(508,'METFORMIN HYDROCHLORIDE','GLIFOR 850',0),(509,'GLIMEPIRIDE','GLIMARYL',0),(510,'GLIMEPRIDE','GLIMEPIRIDE DENK 2',0),(511,'PIOGLITAZONE HCL','GLITAZ',0),(512,'PIOGLITAZONE HCL','GLITAZ',0),(513,' GLIBENCLAMIDE','GLITISOL',0),(514,'ACARBOSE','GLUCOBAY',0),(515,'METFORMIN HCL','GLUCOMET',0),(516,'TIMOLOL','GLUCOTIM',0),(517,'METFORMIN HCL','GLUTAMET 500',0),(518,'METFORMIN HCL','GLYMET',0),(519,'MULTIVITAMIN + MINERALS','GROMIN',0),(520,'MICONAZOLE NITRATE','GYNO-CANDIZOL 400',0),(521,'MICONAZOLE','GYNO-DAKTARIN',0),(522,'MICONAZOLE NITRATE','GYNO-MIKOZAL',0),(523,'NORFLOXACIN','GYRABLOCK',0),(524,'HALOTHANE','HALOTHANE',0),(525,' MULTIVITAMIN + MINIRALS','HEMOVIT',0),(526,'HEPATITIS-B SURFACE ANTIGEN','HEPATITIS B VACCINE(rDNA)',0),(527,'HEPATITIS-B SURFACE ANTIGEN','HEPATITIS-B VACCINE',0),(528,' LAMIVUDINE','HEPTAVIR',0),(529,'ACYCLOVIR','HERPEX',0),(530,'ACYCLOVIR','HERPIZING',0),(531,'CIMETIDINE','HOUNS CIMETIDINE INJECTION',0),(532,'CIMETIDINE','HOUNS CIMETIDINE ',0),(533,' DICLOFENAC SODIUM','HOUNS DICLOFENAC SODIUM ',0),(534,'KETOCONAZOLE','HOUNS KETOCONAZOLE',0),(535,'TRAMADOL HCL','HOUNS TRAMADOL HCL ',0),(536,'HYDROCORTISONE','HYDROCORTISONE',0),(537,'HYDROCORTISONE ACETATE','HYDROCORTISONE',0),(538,'HYDROCORTISONE ACETATE','HYDROCORTISONE',0),(539,' HYALURONIDASE','HYNIDASE',0),(540,'HYOSCINE BUTYL BROMIDE','HYOCE',0),(541,'HYOSCINE BUTYL BROMIDE','HYOSCINE BUTY BROMIDE',0),(542,'POLYVIDONE','HYPOTEARS PLUS',0),(543,' HYOSCINE BUTYL BROMIDE','HYSPAN',0),(544,'IBUPROFEN',' I-PROFEN',0),(545,'IBUPROFEN','IBUFEN',0),(546,'IBUPROFEN','IBUPROFEN',0),(547,'IBUPROFEN','IBUPROFEN',0),(548,'IBUPROFEN','IBUPROFEN',0),(549,'IBUPROFEN','IBUPROFEN DENK',0),(550,'IBUPROFEN','IBUT-400',0),(551,'SULFAMETHOXAZOLE + TRIMETHOPRIM','IFITRIM',0),(552,'AMOXICILLIN','IMOX',0),(553,'AMOXICILLIN',' IMOX',0),(554,'AMOXICILLIN',' IMOX',0),(555,'AMOXICILLIN',' IMOX',0),(556,'ETONOGESTROL','IMPLANON',0),(557,'AMOXYCILLIN+ POTASSIUM CLAVULANATE','INDCLAV 228',0),(558,' AMOXYCILLIN+ POTASSIUM CLAVULANATE','INDCLAV 312',0),(559,' PROPRANOLOL',' INDERAL',0),(560,'PROPRANOLOL','INDERAL',0),(561,'ITRACONAZOLE','INOX',0),(562,'RALTEGRAVIR',' INSENTRESS',0),(563,'INSULIN HUMAN','INSUMAN BASAL',0),(564,' INSULIN HUMAN','INSUMAN BASAL',0),(565,'INSULIN HUMAN',' INSUMAN COMB 30',0),(566,'INSULIN HUMAN','INSUMAN COMB 30',0),(567,'INSULIN HUMAN','INSUMAN RAPID',0),(568,'INSULIN HUMAN','INSUMAN RAPID',0),(569,'GENTAMICIN','INTAGENTA',0),(570,'PACLITAXEL','INTAXEL',0),(571,' PACLITAXEL','INTAXEL',0),(572,' PACLITAXEL',' INTAXEL',0),(573,' BETAXOLOL','IOBET',0),(574,'MULTIVITAMIN',' IPCAVITE-M',0),(575,' IRINOTECAN HCL','IRINOTEL',0),(576,'PILOCARPINE HCL','ISOPTO CARPINE',0),(577,'PILOCARPINE HCL','ISOPTO CARPINE',0),(578,'ATROPINE SULPHATE','ISOPTO-ATROPINE',0),(579,'ISOSORBIDE DINITRATE',' ISOSORBIDE DINITRATE',0),(580,'ISOSORBIDE DINITRATE','ISOSORBIDE DINITRATE',0),(581,'GENTAMICIN',' IVYGENTACIN',0),(582,'CHLORAMPHENICOL',' IVYPHENICOL',0),(583,'TETRAHYDROZOLINE HCL','IVYSINE',0),(584,'TIMOLOL MALEATE','IVYTIMOL',0),(585,' TIMOLOL MALEATE',' IVYTIMOL',0),(586,'SITAGLIPTIN PHOSPHATE','JANUVIA',0),(587,'SITAGLIPTIN PHOSPHATE','JANUVIA',0),(588,'SITAGLIPTIN PHOSPHATE','JANUVIA',0),(589,'EPINEPHRINE','JEIL EPINEPHRINE',0),(590,'AMOXICILLIN+CLAVULANIC ACID',' JULMENTIN 2X',0),(591,'AMOXICILLIN+CLAVULANIC ACID','JULMENTIN 2X',0),(592,'AMOXICILLIN','JULPHAMOX',0),(593,'NPH HUMAN INSULIN','JUSLINE N',0),(594,'CEFTAZIDIME',' K-zidime',0),(595,'DICLOFENAC SODIUM','KALFEN  ',0),(596,'DEXAMETHASONE SODIUM PHOSPHATE','KALMYCIN',0),(597,'SILDENAFIL CITRATE',' KAMAGRA',0),(598,'SILDENAFIL CITRATE','KAMAGRA',0),(599,'AMIKACIN','KAMICIN 100MG/2ML',0),(600,' KANAMYCIN ACID SULPHATE','KANAMYCIN',0),(601,'SULFAMETHOXAZOLE + TRIMETHOPRIM','KANPRIM',0),(602,'CAPREOMYCIN','KAPOCIN',0),(603,'CARVEDILOL','KARVIL',0),(604,'CARVEDILOL','KARVIL',0),(605,' PARACETAMOL','KELVIN',0),(606,'PARACETAMOL','KELVIN',0),(607,' KETOCONAZOLE','KENAZOLE',0),(608,'KETOCONAZOLE','KENAZOLE',0),(609,'KETAMINE HYDROCHLORIDE','KETAM',0),(610,'KETOCONAZOLE','KETOCONAZOLE',0),(611,'KETOCONAZOLE','KETOCONAZOLE',0),(612,'KETOCONAZOLE','KETOCONAZOLE',0),(613,'KETOCONAZOLE','KETORAL',0),(614,'TRIAMCINOLONE ACETONIDE',' KILCORT',0),(615,'AMOXICILLIN + CLAVULANIC ACID','KLAMOKS',0),(616,'AMOXICILLIN + CLAVULANIC ACID','KLAMOKS',0),(617,'AMOXYCILLIN+ POTASSIUM CLAVULANATE','KLAMOKS  BID',0),(618,'AMOXICILLIN + CLAVULANIC ACID','KLAMOKS  BID FORT',0),(619,' AMOXICILLIN + CLAVULANIC ACID','KLAMOKS FORTE',0),(620,'AMOXICILLIN + CLAVULANIC ACID','KLAMOKS FORTE',0),(621,'CLARITHROMYCIN',' KLERIMED',0),(622,'CLARITHROMYCIN','KLERIMED',0),(623,'AMLODIPINE',' KLODIP',0),(624,'METOCLOPRAMIDE HCL','KLOMETOL',0),(625,'AMOXICILLIN + CLAVULANIC ACID','KOACT',0),(626,'AMOXICILLIN+CLAVULANIC ACID','KOACT 1000',0),(627,'AMOXICILLIN + CLAVULANIC ACID','KOACT 375',0),(628,'ENALAPRIL MALEATE',' KORANDIL',0),(629,'CLOTRIMAZOLE','KREMA ROSE',0),(630,'SULFAMETHOXAZOLE + TRIMETHOPRIM',' L-TRIM',0),(631,'SULFAMETHOXAZOLE + TRIMETHOPRIM','L-TRIM',0),(632,'CIPROFLOXACIN','LADININ',0),(633,'TERBINAFINE HCL','LAMISIL',0),(634,'LAMOTRIGINE','LAMITOR DT-25',0),(635,' LAMIVUDINE + NEVIRAPINE + STAVUDINE','LAMIVUDIN + STAVUDIN +NEVIRAPIN',0),(636,'LAMIVUDINE + ZIDOVUDINE','LAMIVUDIN + ZIDOVUDIN',0),(637,'LAMIVUDINE + STAVUDINE','LAMIVUDIN/STAVUDIN',0),(638,'LAMIVUDINE','LAMIVUDINE',0),(639,'LAMIVUDINE + TENOFOVIR DISPROXIL FUMERAT','LAMIVUDINE+TENOFOVIR DISOPROXIL FUMERATE',0),(640,'LAMIVIDINE + ZIDOVUDINE + NEVIRAPINE',' LAMIVUDINE, ZIDOVUDINE & NEVIRAPINE',0),(641,'LAMIVUDINE+NEVIRAPINE+ZIDOVUDINE','LAMIVUDINE/NEVIRAPINE/ZIDOVUDINE',0),(642,'LAMIVUDINE + ZIDOVUDINE','LAMIVUDINE/ZIDOVUDINE',0),(643,'AMOXYCILLIN','LARGOPEN',0),(644,'AMOXYCILLIN','LARGOPEN',0),(645,'FUROSEMIDE','LASIX',0),(646,'LANSOPRAZOLE','LASOPROL 30',0),(647,'LATANOPROST','LATANO OPHTHALMIC SOLUTION',0),(648,'LACTULOSE','LAXOLAC',0),(649,'GLYCERIN','LAXOLYNE',0),(650,'MAGNESIUM HYDROXIDE','LAXOMAG',0),(651,'SALBUTAMOL','LEBASMA',0),(652,'DOXYCYLINE','LENTECLIN',0),(653,' VARDENAFIL','LEVITRA',0),(654,'VARDENAFIL','LEVITRA',0),(655,' LEVOFLOXACINE','LEVOFLOXACIN',0),(656,'LEVOFLOXACINE HEMIHYDRATE','LEVOFLOXACIN',0),(657,'LEVOFLOXACINE','LEVOMAC',0),(658,'LEVOFLOXACINE','LEVOMAC',0),(659,' LIDOCAIN HCL','LIDOCAIN',0),(660,'LIDOCAINE HCL','LIDOCAINE',0),(661,'LIDOCAINE HYDROCHLORIDE','LIDOCAINE HCl',0),(662,'ATORVASTATINE','LIPITAS',0),(663,'ATORVASTATINE','LIPITOR',0),(664,'ATORVASTATINE','LIPITOR',0),(665,'ATORVASTATINE','LIPITOR',0),(666,'LISINOPRIL','LISTRIL-10',0),(667,'DIMINAZINE ACETURATE + ANTIPYRINE','LOBAZEN',0),(668,'OMEPRAZOLE',' LOCID 20',0),(669,'OMEPRAZOLE','LOKIT',0),(670,'OMEPRAZOLE','LOMAC',0),(671,'LOPERAMIDE HYDROCHLORIDE','LOPAMIDE',0),(672,'LOPINAVIR + RITONAVIR ','LOPIMUNE',0),(673,'LOPINAVIR  + RITONAVIR ','LOPINAVIR/RITONAVIR',0),(674,'LORATADINE','LORADAY',0),(675,'LORATADINE','LORADINE',0),(676,'LORATAIDINE','LORFAST',0),(677,'LOSARTAN POTASSIUM','LOSARTAN POTASSIUM',0),(678,'LOSARTAN POTASSIUM','LOSARTAN POTASSIUM',0),(679,'LOSARTAN POTASSIUM','LOSARTAN POTASSIUM',0),(680,'OMEPRAZOLE','LOSEC',0),(681,'OMEPRAZOLE','LOSEC',0),(682,' LOVASTATIN','LOVAREM',0),(683,'LOVASTATIN','LOVATIN',0),(684,'LIDOCAINE HYDROCHLORIDE','LOX',0),(685,'LIDOCAINE HYDROCHLORIDE + DEXTROSE MONOH','LOX HEAVY',0),(686,'RANIBIZUMAB','LUCENTIS',0),(687,'ARTEMETHER + LUMEFANTRINE','LUMARTEM',0),(688,'TARTEMETER + ARTEMETHER','LUMETHER',0),(689,'CLOXACILLIN SODIUM','M-CLOX 250',0),(690,'CLOXACILLIN SODIUM','M-CLOX 500',0),(691,'TRAMADOL HCL','MABRON',0),(692,'TRAMADOL HCL','MABRON',0),(693,'CLARITHROMYCIN','MACLAR 500',0),(694,'CLARITHROMYCIN','MACROL 500',0),(695,'PYRAZINAMIDE','MACROZIDE 750',0),(696,'MANNITOL','MANNITOL',0),(697,'MISOPROSTOL + MIFEPRI','MARISAFE',0),(698,'MULTIVITAMIN','MAXAMIN FORTE',0),(699,'DESOXIMETHASONE','MAXIDEX',0),(700,' DESOXIMETHASONE','MAXIDEX',0),(701,'MEBENDAZOLE','MEBENDAZOLE',0),(702,'MEBENDAZOLE','MEBEX',0),(703,'MEBENDAZOLE','MEBEZ',0),(704,'METOCLOPRAMIDE','MECLOPRAM',0),(705,'DOXYCYCLINE','MEDOMYCIN',0),(706,'LOVASTATIN','MEDOSTATIN',0),(707,'CEFDITOREN','MEIACT',0),(708,'GLIBENCLAMIDE','MELIX',0),(709,'MELOXICAM','MELONAX',0),(710,'METHOTREXATE','MEREX-50',0),(711,'MEROPENEM TRIHYDRATE','MERONEM',0),(712,'MEROPENEM TRIHYDRATE','MERONEM',0),(713,'METFORMIN HYDROCHLORIDE','METAPHAGE',0),(714,'DIPYRONE','METAZOL',0),(715,'METFORMIN HYDROCHLORIDE',' METFORMIN DENK',0),(716,'METHYL DOPA','METHYL  DOPA',0),(717,'METOCLOPRAMIDE','METOCLOPRAMIDE',0),(718,' METOCLOPRAMIDE HYDROCHLORIDE','METOCLOPRAMIDE HCL',0),(719,' METRINIDAZOLE','METROGYL',0),(720,'METRONIDAZOLE','METROGYL',0),(721,'METRONIDAZOLE','METROLAG',0),(722,'METRONIDAZOLE','METROLAG',0),(723,'METRONIDAZOLE','METROLAG',0),(724,'METRONIDAZOLE','METROREX',0),(725,'MICONAZOL','MICOBAN',0),(726,'MICONAZOL','MICONAZ',0),(727,'LEVONGESTEROL+ ETHENYLESTRADIOL','MICROGYNON ED FE(MICROGYNON FE)',0),(728,'LEVONORGESTREL','MICROLUT',0),(729,'SUMATRIPTAN SUCCINATE','MIGANE',0),(730,'SUMATRIPTAN SUCCINATE','MIGANE50',0),(731,'MULTIVITAMIN AND MINIRALS','MINOVIT-P',0),(732,'MISOPROSTOL','MISO-FEM',0),(733,'MISOPROSTOL','MISO-FEM',0),(734,'MULTIVITAMIN','MIXAVIT',0),(735,'MELOXICAM','MOBITIL',0),(736,'MOMETASONE FUROATE','MOMETASONE FUROATE',0),(737,'MOMETASONE FUROATE','MOMETASONE FUROATE',0),(738,'ALUMINIUM HYDROXIDE/ MAGNESIUM HYDROXIDE','MOXAL',0),(739,'MOXIFLOXACIN','MOXICIP',0),(740,'MOXIFLOXACIN','MOXIMAC',0),(741,'CROTAMITON','MOZ-BITE',0),(742,'CARBOCYSTEINE','MUCOSOL ADULT',0),(743,'CARBOCYSTEINE','MUCOSOL PEDIATRIC',0),(744,'MULTIVITAMINS','MULTIVITAMIN',0),(745,'MULTIVITAMIM','MULTIVITAMIN',0),(746,' AMOXICILLIN + CLAVULANIC ACID','MYCLAV',0),(747,'AMOXICILLIN + CLAVULANIC ACID','MYCLAV',0),(748,'MYCOPHENOLATE MOFETIL','MYCOFIT 500',0),(749,'CLOTRIMAZOLE','MYCORIL',0),(750,'NYSTATIN','MYCOSAT',0),(751,'TROPICAMIDE','MYDRIACYL',0),(752,'NEOSTIGMNE METHYL SULPHATE','MYOSTIGMIN',0),(753,'NEOSTIGMNE METHYL SULPHATE','MYOSTIGMIN',0),(754,'RANITIDINE HYDROCHLORIDE','NADINE',0),(755,'CARBOPLATIN','NAPROPLAT',0),(756,'NORFLOXACIN','NEGAFLOX',0),(757,'METRONIDAZOLE','NEGAZOLE',0),(758,'LEVAMISOL HYDROCHLORIDE','NEO-KENTAX',0),(759,'EPOETIN BETA','NEO-RECORMON',0),(760,'PANCURONIUM','NEOCURON',0),(761,'METFORMIN HYDROCHLORIDE','NEOMID 500',0),(762,' PROPOFOL','NEOROF',0),(763,'VECURONIUM BROMIDE','NEOVEC',0),(764,'HYDROCORTISONE ACETATE','NETRACORT',0),(765,'THIAMIN HCL + PYRIDOXINE HCL + CYANOCOBA','NEUROVIT',0),(766,'LAMIVUDINE + NEVIRAPINE + STAVUDINE','NEVILAST-30',0),(767,'NEVIRAPINE','NEVIMUNE',0),(768,'NEVIRAPINE','NEVIMUNE',0),(769,'NEVIRAPINE','NEVIRAPINE',0),(770,'NEVIRAPINE','NEVIRAPINE',0),(771,'NEVIRAPINE','NEVIRAPINE',0),(772,'NEVIRAPINE','NEVIVIR',0),(773,'ESOMEPRAZOLE','NEXIUM',0),(774,'ESOMEPRAZOLE','NEXIUM',0),(775,'ESOMEPRAZOLE','NEXIUM',0),(776,'ESOMEPRAZOLE','NEXIUM',0),(777,'ESOMEPRAZOL','NEXPRO 20',0),(778,'NIFEDIPINE','NIFEDI-DENK 10 ',0),(779,'NIFEDIPINE','NIFEDI-DENK 20',0),(780,'NIFEDIPINE','NIFELAT',0),(781,'CISATRCURIUM BSYLATE','NIMBEX',0),(782,'NIMODIPINE','NIMOTOP',0),(783,'IPROFLLOXACIN + SODIUM HYDROCHLORIDE','NIRCIP',0),(784,'PROPOFOL','NIRFOL',0),(785,'METRONIDAZOLE','NIRMET',0),(786,'NITROFURAZONE','NITROFURAZONE',0),(787,'KETOCONAZOLE','NIZORAL',0),(788,'DROTAVERINE HCL','NO-SPA',0),(789,'ALLOPURINOL','NO-URIC',0),(790,'CLOPIDOGREL  BISULPHATE','Noklot',0),(791,'TAMOXIFEN CITRATE','NOLVADEX',0),(792,'TAMOXIFEN CITRATE','NOLVADEX',0),(793,'NORFLOXACIN','NORBEK',0),(794,'MAGNESIUM TRISILICATE+ALUMINIUM HYDROXID','NORMACID',0),(795,' RITONAVIR','NORVIR',0),(796,'NYSTATIN',' NYSTALEB',0),(797,'OMEPRAZOLE','OCID',0),(798,' FLURBIPROFEN SODIUM','OCUFLUR',0),(799,'TIMOLOL MALEATE','OCUTIM',0),(800,'VITAMINS AND MINERALS','OLIGOVIT',0),(801,'OMEPRAZOLE','OMEPRAZOLE',0),(802,'OMEPRAZOLE','OMIZ',0),(803,'IOXEHEXOL','OMNIPAQUE',0),(804,'SAXAGLIPTIN','ONGLYZA',0),(805,'SAXAGLIPTIN','ONGLYZA',0),(806,'GENTAMYCIN SULPHATE','OPTIGENT',0),(807,'TRETINOIN','OPTIMAL GEL',0),(808,'FLUCONAZOLE','ORAMAX',0),(809,' HYOSCINE','ORASPAS',0),(810,'??????','orelox',0),(811,'CEFOTAXIME','ORITAXIM',0),(812,'CEFOTAXIME','ORITAXIM',0),(813,'CIPROFLOXACIN','ORLIN',0),(814,'TRIAMCINOLONE ACETONIDE','ORREPASTE',0),(815,'CEFTAZIDIME','ORZID',0),(816,'CLOTRIMAZOLE','OTOZOL',0),(817,'XYLOMETAZOLINE','OTRIVIN',0),(818,'XYLOMETAZOLINE','OTRIVIN',0),(819,'ALBENDAZOLE','OVIS',0),(820,'SULPHAMETHOXAZOLE + TRIMETOPRIM','PAEDIATRIC CO-TRIMOXAZOLE',0),(821,'PARACETAMOL','PAEDIATRIC PARACETAMOL',0),(822,'PROGUANIL','PALUDRINE',0),(823,'CEFOTAXIME SODIUM','PAN CEFOTAXIME',0),(824,'PARACETAMOL',' PANADOL',0),(825,'PARACETAMOL','PANADREX',0),(826,'PARACETAMOL','PANADREX',0),(827,'PARACETAMOL','PARA-DENK',0),(828,'PARACETAMOL','PARA-DENK',0),(829,'PARACETAMOL','PARA-DENK 500',0),(830,'PARACETAMOL','PARACETAMOL',0),(831,'PARACETAMOL','PARACETAMOL',0),(832,'LOPERAMIDE HCL','PARADOXONE',0),(833,'DICLOFENAC SODIUM','PARAFORTAN',0),(834,'PEGINTERFERON ALFA-2A','PEGASYS',0),(835,'AMOXICILLIN','PENAMOX',0),(836,'TRAMADOL HCL','PENGESIC SR 100',0),(837,'METOCLOPRAMIDE','PERINORM',0),(838,'SODIUM VALPROATE','Petilin 200',0),(839,'MEDROXY PROGESTERONE ACETATE','PETOGEN',0),(840,'MULTIVITAMIN WITH CALCIUM','PHAROVIT',0),(841,'CHLORAMPHINICOL + DEXAMETHASONE','PHENIDEX EYE DROPS',0),(842,'CISPLATIN','PLATOL',0),(843,'FELODIPINE','PLENDIL',0),(844,'FELODIPINE','PLENDIL',0),(845,'FELODIPINE','PLENDIL',0),(846,'NEOOMYCIN SULFATE+POLYMYXIN SULFATE+DEXA','POLIDEMISIN',0),(847,'LEVONORGESTREL','POSTPILL',0),(848,'MULTIVITAMIN AND MINIRALS','POWER PLUS',0),(849,'CEFTRIAXONE','POWERCEF',0),(850,'CEFEPIME','POZINEG',0),(851,'KETOCONAZOLE','PRANZOLE',0),(852,' KETOCONAZOLE','PRANZOLE',0),(853,'METOCLOPRAMIDE HCL','PREMOSAN',0),(854,'METOCLOPRAMIDE','PREMOSAN DROPS',0),(855,'PNEUMOCOCCAL POLYSACHARIDE SEROTYPE','PREVENAR 13',0),(856,'HYDROCORTISONE','PRIMACORT-100',0),(857,'NORETHISTPERONE ACETATE','PRIMOLUT N',0),(858,'ORAL REHYDRATION SALT','PROLYTE',0),(859,'PROMETHAZINE HYDROCHLORIDE','PROMETINE',0),(860,'MULTIVITAMIN','PROTBEX',0),(861,'TINIDAZOLE','PROTOZOLE',0),(862,'MESTEROLONE','PROVIRON-25',0),(863,'PROPOFOL','PROVIVE',0),(864,'CALCIUM HYPOCHLORITE','PUR Purifier of Water',0),(865,'DROXYQUIN+TOLNAFTATE','QUADRIDERM',0),(866,'MEBENDAZOLE','QUEMOX',0),(867,'CIPROFLOXACIN','QUINTOR',0),(868,'CIPROFLOXACIN','QUINTOR',0),(869,'LEVOFLOXACINE','QURE',0),(870,'RANITIDINE','R-LOC',0),(871,'RANITIDINE','R-LOC',0),(872,'MULTIVITAMIN','R.B.TONE',0),(873,'MULTIVITAMIN','R.B.TONE',0),(874,'LOPERAMIDE','RAMIDE',0),(875,'MULTIVITAMIN AND MINERALS','RANFERON-12',0),(876,'RANITIDINE HCL','RANI-DENK',0),(877,'RANITIDINE','RANITIN-150',0),(878,'FUROSEMIDE','RASITOL',0),(879,'CIPROFLOXACIN','RECIPRO 250',0),(880,'CIPROFLOXACIN','RECIPRO 500',0),(881,'RECOMBINANT HUMAN INSULIN CRYSTALS','RECOSULIN-NPH',0),(882,'INDOMETHACIN','RECTICIN-100',0),(883,'PARACETAMOL','RECTOL-125',0),(884,'PARACETAMOL','RECTOL-250',0),(885,'METOCLOPRAMIDE','REGURG',0),(886,'AL(OH)3+ MG(OH)2+SIMETHICONE+DEGLYCYRRHI','RELCER GEL',0),(887,'FUROSEMIDE','RELEEF',0),(888,'OMEPRAZOLE','REMEPRAZOLE 20',0),(889,'DICLOFENAC SODIUM','REMETHAN',0),(890,'DICLOFENAC SODIUM','REMETHAN',0),(891,'DICLOFENAC SODIUM','RETILON',0),(892,'CARBOCYSTEINE','RHINATHIOL',0),(893,'CARBOCYSTEINE','RHINATHIOL',0),(894,'RIFAMPICIN +ISONIAZID DISPERSIBEL','RIFAMPICIN+ISONIAZID DISPERSIBEL',0),(895,'RIFAMPICIN +ISONIAZID+PYRAZINAMIDE','RIFAMPICIN+ISONIAZID+PYRAZINAMIDE',0),(896,'RIFAMPICIN+ISONIAZID','RIMACTAZID 150/75',0),(897,'RIFAMPICIN+ISONIAZID+PYRAZINAMIDE+ETHAMB','RIMSTAR 4-FDC',0),(898,'OMEPRAZOLE ','RISEK',0),(899,'RITONAVIR','RITONAVIR',0),(900,'AMOXICILLINE','RIVAMOX',0),(901,'AMOXICILLINE','RIVAMOX',0),(902,'AMOXICILLINE','RIVAMOX',0),(903,'OMEPRAZOLE','RIVAPRAZOLE',0),(904,'DOXORUBICIN HYDROCHLORIDE','ROBOL',0),(905,'DEXAMETHASONE SODIUM PHOSPHATE','RONIC',0),(906,'ROSUVASTATIN CALCIUM','ROSUCOR',0),(907,'ROSUVASTATIN CALCIUM','ROSUCOR',0),(908,'ROTA TEQ','ROTA TEQ',0),(909,'ROTARIX ORAL LIQUID VACCINE','ROTARIX ORAL LIQUID VACCINE',0),(910,'ATORVASTATIN','ROTAZ 10',0),(911,'MIFEPRISTONE + MISOPROSTOL','Safe-t kit',0),(912,'GENTAMYCIN','SAGESTAM',0),(913,'SALBUTAMOL','SALBUTAMOL',0),(914,'POVIDON IODINE ','SANIQUAD PVT',0),(915,' PREDNISOLONE CAPROATE + CINCHOCAIN HYDRO','SCHERIPROCT',0),(916,'PREDNISOLONE CAPROATE + CINCHOCAIN HYDRO','SCHERIPROCT',0),(917,'HYDROCORTISONE + CINCHOCIANE','SEDIPROCT',0),(918,'HYDROCORTISONE + CINCHOCIANE+ FRAMYCETIN','SEDIPROCT',0),(919,'SULFAMETHOXAZOLE + TRIMETHOPRIM','SEPTRIN',0),(920,'SALMETEROL + FLUTICASONE PROPIONATE','SERETIDE ACCUHALER',0),(921,'SALMETEROL + FLUTICASONE PROPIONATE','SERETIDE ACCUHALER',0),(922,'SALMETEROL + FLUTICASONE PROPIONATE','SERETIDE ACCUHALER',0),(923,'SEVEN SEAS MULTIVITAMIN','SEVEN SEAS COD LIVER OIL',0),(924,' SEVEN SEAS MULTIVITAMIN','SEVEN SEAS MULTIVITAMIN',0),(925,'METRONIDAZOLE','SICABACT',0),(926,'BENZOIC ACID & SALICYLIC ACID','Sicabenz',0),(927,'HYDROCORTISONE ACETATE','SICACORT H',0),(928,'BETAMETHASONE DIPROPIONATE','SICACORT-BD',0),(929,'KETOCONAZOLE','SICADRUFF',0),(930,'NYSTATIN','SICAFUNG',0),(931,'PARACETAMOL','SICAREX-125',0),(932,'BENZYL BENZOATE','SICAZYL',0),(933,'RABIES VACCINE','SII RABIVAX',0),(934,'TETANUS ANTITOXIN','SII TETANUS ANTITOXIN',0),(935,'SILDENAFIL CITRATE','SILAGRA-50',0),(936,'AMPICILLIN','SILINA',0),(937,'AMPICILLIN','SILINA',0),(938,'SIMVASTATIN','SIMVAST-10',0),(939,'SIMVASTATIN','SIMVAST-20',0),(940,'SIMVASTATIN','SIMVASTATIN SANDOZ',0),(941,'SIMVASTATIN','SIMVASTATIN SANDOZ',0),(942,'SIMVASTATIN','SIMVASTATIN SANDOZ',0),(943,'MONTELUKAST SODIUM','SINGULAIR',0),(944,'MONTELUKAST SODIUM','SINGULAIR',0),(945,'LEVONORGESTREL','SINO IMPLANT II',0),(946,'CIPROFLOXACIN  HYDROCHLORIDE','SIPROGUT',0),(947,'PARACETAMOL + PSEUDOEPHEDRINE + CHLORPHE','SNIP',0),(948,'SODIUM CHLORIDE  + GLUCOSE','SODIUM CHLODIDE + GLUCOSE',0),(949,'SODIUM CHLORIDE','SODIUM CHLORIDE',0),(950,'SODIUM CHLORIDE','SODIUM CHLORIDE',0),(951,'SODIUM CHLORIDE','SODIUM CHLORIDE',0),(952,'SODIUM CHLORIDE','SODIUM CHLORIDE',0),(953,'HYDROCORTISONE SODIUM SUCCINATE','SOLU-CORTEF',0),(954,'HYOSCINE','SPASMINTAS',0),(955,'DEXAMETHASONE SODIUM PHOSPHATE + CHLORAM','SPERSADEX',0),(956,'ANTAZOLINE HCL (0.5MG/ML) + TETRYZOLINE','SPERSALLERG',0),(957,'FLUCONAZOLE','STABILANOL',0),(958,'FLUCONAZOLE','STABILANOL',0),(959,'STAVUDINE','STAG-30',0),(960,'VALSARTAN','STARVAL',0),(961,'VALSARTAN','STARVAL',0),(962,'SIMVASTATIN','STAVID',0),(963,'STAVUDINE','STAVUDINE',0),(964,'STAVUDINE + LAMIVUDINE','STAVUDINE 30 + LAMIVUDINE 150',0),(965,'STAVUDINE + LAMIVUDINE + NEVIRAPINE','STAVUDINE+LAMIVUDINE+NEVIRAPINE',0),(966,'CHLORFENVINPHOS','STELADONE',0),(967,'STERILE WATER FOR INJECTION','STERILE WATER FOR INJECION',0),(968,'STERILIZED WATER FOR INJECTION','STERILIZED WATER FOR INJECTION',0),(969,'METRONIDAZOLE','STOMAT',0),(970,'LEVONOGESTREL + ETHYNYLESTRADIOL','Style',0),(971,'SUXAMETHONIUM CHLORIDE','SUCOL',0),(972,'PRECIPTATED SULFAR','SULFAR',0),(973,'CIPROFLOXACIN','SUPRAFLOX',0),(974,'BUDESONIDE AND FORMOTEROL FUMARATE DIHYD','SYMBICORT FORTE TURBUHALER',0),(975,'BUDESONIDE AND FORMOTEROL FUMARATE DIHYD','SYMBICORT FORTE TURBUHALER',0),(976,'BUDESONIDE AND FORMOTEROL FUMARATE DIHYD','SYMBICORT FORTE TURBUHALER',0),(977,'10-VALENT PNEUMOCOCCAL CONJUGATED VACCIN','SYNFLORIX',0),(978,'ACECLOFENAC','SYNOVACE 100',0),(979,'FLUCONAZOLE','SYSCAN',0),(980,'TRETINOIN','T3 ACTIN',0),(981,'CLINDAMYCIN PHOAPHATE','T3-MYCIN',0),(982,'CLINDAMYCIN PHOAPHATE','T3-MYCIN GEL',0),(983,'TACROLIMUS','TACROLIMUS SANDOZ',0),(984,'TACROLIMUS','TACROLIMUS SANDOZ',0),(985,'TACROLIMUS','TACROLIMUS SANDOZ',0),(986,'TAMOXIFEN CITRATE','TAMOXIFEN',0),(987,'CARBAMAZEPINE','TEGRETOL',0),(988,'ATENOLOL','TEMORET',0),(989,'TENOFOVIR DISOPROXIL FUMARATE + EMTRICIT','TENOFOVIR DISOPROXIL FUMARATE + EMTRICIT',0),(990,'ATENOLOL','TENOL',0),(991,'ATENOLOL','TENOL',0),(992,'TENOFOVIR DISOPROXIL FUMARATE + LAMIVUDI','TENOLAM',0),(993,'CIMETIDINE','TENOMET',0),(994,'ATENOLOL','TENORMIN',0),(995,'ATENOLOL','TENORMIN',0),(996,'TENOFOVIR DISOPROXIL FUMARATE','TENVIR',0),(997,'TENOFOVIR DISOPROXIL FUMARATE + EMTRICIT','TENVIR-EM',0),(998,'DOXYCYCLINE','TERADOXIN',0),(999,'TETRACYCLINE','TETRACYCLINE',0),(1000,'TETRAHYDROZOLINE HYDROCHLORIDE','TETRACYLINE',0),(1001,'TETRACYCLINE HCL','TETRAS',0),(1002,'MEBENDAZOLE','THELMOX',0),(1003,'THIOPENTAL SODIUM','THIOSOL',0),(1004,'THIOPENTAL SODIUM','THIOSOL',0),(1005,'MICONAZOLE NITRATE','TIBOZOLE',0),(1006,'LORATADINE','TIDILOR',0),(1007,'IMIPENEM AND CISPLASTIN','TIENAM I.V.',0),(1008,'TIMOLOL MALEATE','TIMOGLAU',0),(1009,'TIMOLOL','TIMOLOL',0),(1010,'TIMOLOL MALEATE','TIMOSOL',0),(1011,'TINIDAZOLE','TINIBA',0),(1012,'TINIDAZOLE','TINIREM',0),(1013,'TOBRAMYCIN','TOBACIN',0),(1014,'TOBRAMYCIN','TOBRASED',0),(1015,'TOBRAMYCIN','TOBREX',0),(1016,'TOLNAFTATE','TOLNADERM',0),(1017,'TOLNAFTATE','TOLNADERM',0),(1018,'SODIUM FUSIDATE','TOPIDIC',0),(1019,'NITROFURAZONE','TOPIFURAN',0),(1020,'PANTOPRAZOLE SESQUIHYDRATE','TOPRAZOLE',0),(1021,'PANTOPRAZOLE SESQUIHYDRATE','TOPRAZOLE',0),(1022,'LOSARTAN POTASSIUM','TOZZAR',0),(1023,'TRAMADOL HCL','TRADOL',0),(1024,'TRAMADOL HCL','TRALOFLAM',0),(1025,'TRAMADOL HCL','TRAMA-50',0),(1026,'TRAMADOL','TRAMAZAC',0),(1027,'TRIAMCINOLONE','TRAMSONE',0),(1028,'DIFLUCORTOLONE-21- VALEARATE + ISOCONAZO','TRAVOCORT',0),(1029,'ISOCONAZOLE NITRATE','TRAVOGEN',0),(1030,'TRETINOIN','TRETINOIN',0),(1031,'METHOTREXATE','TREXOL',0),(1032,'TRIAMCINOLONE ACETONIDE','TRIAMCINOLONE',0),(1033,'TRIAMCINOLONE ACETONIDE','TRIAMICINOLON ACETONIDE',0),(1034,'CEFTRIAXONE','TRIAXONE',0),(1035,' CEFTRIAXONE','TRIAXONE',0),(1036,' CEFTRIAXONE','TRIAXONE',0),(1037,'CEFTRIAXONE','TRIAXONE',0),(1038,'MEDROXY PROGESTERONE ACETATE','TRICLOVERA',0),(1039,'TRIAMCINOLONE ACETONIDE','TRICORT 40',0),(1040,'LAMIVUDINE + STAVUDINE + NEVIRAPINE','TRIOMUNE 30',0),(1041,'LAMIVUDINE + STAVUDINE + NEVIRAPINE','TRIOMUNE BABY',0),(1042,'LAMIVUDINE + STAVUDINE + NEVIRAPINE','TRIOMUNE JUNIOR',0),(1043,'VITAMIN B COMPLEX','TRIVAROL',0),(1044,'LAMIVUDINE + NEVIRAPINE + STAVUDINE','TRIVIRO-LNS',0),(1045,'NORFLOXACIN','TRIZOLIN',0),(1046,'DICLOFENAC','TROMAX',0),(1047,'TROPICAMIDE','TROPICIL TOP',0),(1048,'DEXTROMETHORPHAN HYDROBROMIDE','TUSSIPECT',0),(1049,'PARACETAMOL','TYLEDOL',0),(1050,'PANTOPRAZOLE SESQUIHYDRATE','ULCOREKS',0),(1051,'IOPROMIDE','ULTRAVIST',0),(1052,' IOPROMIDE','ULTRAVIST',0),(1053,'MULTIVITAMIN','ULTRAVITA',0),(1054,'SALBACTAM/AMPICILLIN','UNASYN',0),(1055,'ACYCLOVIR','UNIVIR',0),(1056,'VITAMIN E','UNIVIT E 100 S.G.',0),(1057,'NORFLOXACIN','URIFLOX',0),(1058,'ALFUZOSIN','URITAB XL',0),(1059,'NORFLOXACIN','UROFLOX',0),(1060,'AMIDOTRIZOIC ACID + MEGLUMINE','UROGRAFIN',0),(1061,'ATENOLOL','UROSIN',0),(1062,'CLOTRIMAZOLE','VAGID',0),(1063,'VAACICLOVIR HYDROCHLORIDE MONOHYDRATE','VALOVIR',0),(1064,'VALSARTAN','VALSARTAN 40',0),(1065,'SODIUM VALPROATE','VALTEX',0),(1066,'VANCOMYCIN HYDROCHLORIDE','VANCOLON',0),(1067,'VANKOM','VANKOM',0),(1068,'CHLORAMPHENICOL','VANMYCETIN',0),(1069,'KETOCONAZOLE','VAVO',0),(1070,'CEFOTAXIME SODIUM','VAXCEL CEFOTAXIME',0),(1071,'SALBUTAMOL',' VENTOL',0),(1072,'SALBUTAMOL','VENTOLIN',0),(1073,'SALBUTAMOL','VENTOLIN',0),(1074,'SALBUTAMOL','VENTOLIN EVOHALER',0),(1075,'SALBUTAMOL SULFATE','VENTOLIN ROTACAPS',0),(1076,'MEBENDAZOLE','VERMOREX',0),(1077,'MEBENDAZOLE','VERMOX',0),(1078,'CIPROFLOXACIN  HCL','VIPROLOX 500',0),(1079,'TENOFOVIR DISOPROXIL FUMARATE + EFAVIREN','VIRADAY',0),(1080,'ACYCLOVIR','VIRLESS',0),(1081,'SODIUM ALGINATE, MAGNESIUM HYDROOXIDE, Simethicone','VISCO LIQUID',0),(1082,'SODIUM ALGINATE, MAGNESIUM HYDROOXIDE, Simethicone','VISCO TABLET',0),(1083,'ASCORBIC ACID','VIT C',0),(1084,'THIAMIN HYDROCHLORIDE + PYRIDOXINE HYDRO','VIT-B-DENK',0),(1085,' VITAMIN B COMPLEX','VITACOM',0),(1086,'ASCORBIC ACID','VITAMIN C CHEWABLE TABLET',0),(1087,'NUTRITIONAL SUPPLIMENT','VIUSID',0),(1088,'DICLOFENAC POTASSIUM','VOLDIC-K',0),(1089,'DICLOFENAC SODIUM','VOLTAREN OPTHA EYE DROPS',0),(1090,'DICLOFENAC POTASSIUM','VOLTFAST',0),(1091,'DICLOFENAC SODIUM','VURDON',0),(1092,'WATER FOR INJECTION','WATER FOR INJECION',0),(1093,'WATER FOR INJECTION','WATER FOR INJECTION',0),(1094,'WATER FOR INJECTION','WATER FOR INJECTION',0),(1095,'WATER FOR INJECTION','WATER FOR INJECTION',0),(1096,'RANITIDINE','WONTAC',0),(1097,'MEBENDAZOLE','WORMIN',0),(1098,'RIVAROXABAN','XARELTO',0),(1099,'RIVAROXABAN','XARELTO',0),(1100,'RIVAROXABAN','XARELTO',0),(1101,'ALFUZOSIN HCL',' XATRAL',0),(1102,'CAPECITABINE','XELODA',0),(1103,'METFORMIN HCL','XMET 500',0),(1104,'DROSPIRENONE+ETHINYLESTRADIOL','YASMIN',0),(1105,'ETHINYLESTRADIOL+DROSPIRENONE','YAZ  (24+4)',0),(1106,'AMPICILLIN','Z CIL 500',0),(1107,'AMPICILLIN',' Z-CIL',0),(1108,'AMOXICILLIN','Z-MOX',0),(1109,' KETOTIFEN HYDROGEN FUMARATE','ZADITEN',0),(1110,'RANITIDINE HCL','ZANTAC',0),(1111,'MELOXICAM','ZELOXIM',0),(1112,'MELOXICAM','ZELOXIM',0),(1113,' ALBENDAZOLE','ZENTEL',0),(1114,'LISINOPRIL','ZESTRIL',0),(1115,' LISINOPRIL','ZESTRIL',0),(1116,' LISINOPRIL','ZESTRIL',0),(1117,'CEFOTAXIME','ZETAX',0),(1118,'METHOTREXATE','ZEXATE',0),(1119,'ZIDOVUDINE','ZIDO-H',0),(1120,'ZIDOVUDINE+ LAMIVUDINE','ZIDOLAM',0),(1121,'ZIDOVUDINE','ZIDOVIR',0),(1122,'ZIDOVUDINE','ZIDOVUDINE',0),(1123,'ZIDOVUDINE','ZIDOVUDINE',0),(1124,'ZIDOVUDINE+ LAMIVUDINE','ZIDOVUDINE AND LAMIVUDINE',0),(1125,'CITRIZINE DIHYDROCHLORIDE','ZIMAT',0),(1126,'CEFUROXIME SODIUM','ZINACEF',0),(1127,'CIPROFLOXACIN','ZINDOLIN 500',0),(1128,'CEFUROXIME','ZINNAT',0),(1129,'CEFUROXIME','ZINNAT',0),(1130,'LEVONOGESTREL + ETHYNYLESTRADIOL','ZINNIA',0),(1131,'LEVONOGESTREL + ETHYNYLESTRADIOL','ZINNIA P',0),(1132,'CEFUROXIME AXETIL','ZINOXIMOR',0),(1133,'ONDANSETRON HYDROCHLORIDE DIHYDRATE','ZOFRAN',0),(1134,'ZOLEDRONIC ACID','ZOLEDRONIC ACID',0),(1135,'HYDROCORTISONE BUTYRATE','ZONA',0),(1136,'PROMETHAZINE HCL','ZORALIX',0),(1137,'CIPROFLOXACIN','ZOXAN EYE/EAR DROPS',0),(1138,'LOSARTAN POTASSIUM','ZYLTAN 50',0),(1139,'CETIRIZINE HCL','ZYNCET',0),(1140,'MOMETASONE','ZYNOVATE',0),(1141,'COMPOUND SODIUM LACTATE IV INFUSION ','COMPOUND SODIUM LACTATE IV INFUSION ',0),(1142,' AMOXICILLIN + CLAVULANIC ACID','CURAM',0),(1143,'MULTIVITAMIN','PRENATAL',0),(1144,'DICLOFENAC SODIUM','REMETHAN',0),(1145,'CLARITHROMYCIN','RESCLAR',0),(1146,'CLARITHROMYCIN','RESCLAR',0),(1147,'SALBUTOL','SALBUTOL',0),(1148,'AMOXICILLIN + CLAVULANIC ACID','ZMOX 125',0),(1149,'DICLOFENAC SODIUM','ALMIRAL  100mg',0),(1150,'MULTIVITAMIN','GINSAVIT',0),(1151,'METFORMIN HCL','GLUCOPHAGE',0),(1152,'METFORMIN HCL','GLUCOPHAGE',0),(1153,'HYDROCHLOROTHIAZIDE + IRBESARTAN','ANDARAN HCT',0),(1154,'CEFALEXIN','CEPHAST',0),(1155,'CLARITHROMYCIN','CLAREM',0),(1156,'SIMVASTATIN','PRIACIN 40MG',0),(1157,'LIDOCAINE HYDROCHLORIDE','PROCTO-GLYVENOL',0),(1158,'ROSUVASTATIN CALCIUM','ROBESTAR',0),(1159,'ROSUVASTATIN CALCIUM','ROBESTAR 20MG',0),(1160,'EPIRUBICINUM','4-EPEEDO-50',0),(1161,'IBUPROFEN','CORIBU 400 400MG',0),(1162,'BENZYL PENICILLIN SODIUM + PROCAINE PENICILLIN','FORTIFIED PROCAINE PENICILLIN',0),(1163,'MULTIVITAMIN','GINSOMIN',0),(1164,'MYCOPHENOLATE MOFETIL','MYCOPHENOLATE MOFETIL',0),(1165,'MYCOPHENOLATE MOFETIL','MYCOPHENOLATE MOFETIL',0),(1166,'BLEOMYCINI SULFAS','NAPROBLEO',0),(1167,'BLEOMYCINI SULFAS','NAPROPLAT',0),(1168,'PARACETAMOL','PARADOL 500MG',0),(1169,'RIFAMPICIN /ISONIAZIDE / PYRAZINAMIDE','RIFAMPICIN /ISONIAZIDE / PYRAZINAMIDE',0),(1170,'DOCETAXEL TRIHYDRATE ','TACEEDO 20',0),(1171,'DOCETAXEL TRIHYDRATE ','TACEEDO 80',0),(1172,'RINGER LACTATED','RINGER LACTATED',0),(1173,'MULTIVITAMIN','SHINE ACYMIN',0),(1174,'CLOBETASONE BUTYRATE','U-CLOSONE',0),(1175,'CLOBETASONE BUTYRATE','U-CLOSONE',0),(1176,'ARTEMETHER','ARTEM',0),(1177,'ARTEMETHER','ARTEM',0),(1178,'CLARITROMYCIN','AZICLAR-500',0),(1179,'CEFALEXIN','CEPHAST',0),(1180,'RIFAMPICIN + ISONIAZIDE + PYRAZINAMIDE + ETHAMBUTOL HCL ','RIFAMPICIN + ISONIAZIDE + PYRAZINAMIDE + ETHAMBUTOL HCL ',0),(1181,'DICLOFENAC SODIUM','ALMIRAL ',0),(1182,'AMOXICILLIN + CLAVULANIC ACID','JULMENTIN FORTE',0),(1183,'AMPICILLIN TRIHYDRATE','ASCILLIN ',0),(1184,'MEDROXYPROGESTERONE','FAMY DEPO',0),(1185,'VALSARTAN','VALSARTAN 160',0),(11111,'SARADON','HeadAchetablet',0),(12121,'VOLINI','Diclofenac',0),(12445,'PARACETAMOL','DOLO-100mg',0),(22222,'MOOV','Veltemof',0);
/*!40000 ALTER TABLE `Drug` ENABLE KEYS */;
UNLOCK TABLES;

--
-- Table structure for table `Employee`
--

DROP TABLE IF EXISTS `Employee`;
/*!40101 SET @saved_cs_client     = @@character_set_client */;
/*!40101 SET character_set_client = utf8 */;
CREATE TABLE `Employee` (
  `emp_id` varchar(31) NOT NULL,
  `name` varchar(255) NOT NULL,
  `dob` date NOT NULL,
  `sex` enum('MALE','FEMALE','OTHER') NOT NULL,
  `phno` char(10) NOT NULL,
  `email_id` varchar(255) DEFAULT NULL,
  `loc_addr` text NOT NULL,
  `perm_addr` text NOT NULL,
  `work_status` enum('WORKING','RETIRED') NOT NULL,
  `designation` varchar(255) DEFAULT NULL,
  `patient_id` int(10) unsigned NOT NULL,
  `dept_id` tinyint(4) NOT NULL,
  `blood_id` enum('A+','A-','B+','B-','AB+','AB-','O+','O-') DEFAULT NULL,
  PRIMARY KEY (`emp_id`),
  UNIQUE KEY `email_id` (`email_id`),
  KEY `patient_id` (`patient_id`),
  KEY `dept_id` (`dept_id`),
  CONSTRAINT `Employee_ibfk_1` FOREIGN KEY (`patient_id`) REFERENCES `Patient` (`patient_id`),
  CONSTRAINT `Employee_ibfk_2` FOREIGN KEY (`dept_id`) REFERENCES `Department` (`dept_id`)
) ENGINE=InnoDB DEFAULT CHARSET=latin1;
/*!40101 SET character_set_client = @saved_cs_client */;

--
-- Dumping data for table `Employee`
--

LOCK TABLES `Employee` WRITE;
/*!40000 ALTER TABLE `Employee` DISABLE KEYS */;
INSERT INTO `Employee` VALUES ('0','Dr.Who','0000-00-00','OTHER','NA','NA','NA','NA','RETIRED','NA',0,18,'A+'),('14IT110DOCTOR','Bhaskar Bhandary','1965-11-15','','9483895729','dhirajcr@yahoo.com','NITK-HCC-quarters','Udupi-bunts hostel rd','WORKING','Sr. Medical Officer',9999,18,'O+'),('VISITDOC001','Anil Kumar','1960-01-01','MALE','9448115918','doc1_anil_k@tutanota.com','Athikari Complex ,Surathkal','Not Known','WORKING','Visting Doctor -HCC Paediatrician',9998,18,'AB+'),('VISITDOC002','T. Susan Mani','1960-01-01','FEMALE','9945747171','doc2_susan_m@tutanota.com','16-100 Preethr ','Not Known','WORKING','Visting Doctor -HCC Gynaecologist',9997,18,'AB+'),('VISITDOC003','Aravind Bhat','1960-01-01','MALE','9945747171','doc3_aravind_b@tutanota.com','Not Known ','Not Known','WORKING','Visting Doctor -HCC Dentist',9996,18,'AB+'),('VISITDOC004','Keshav Pai','1960-01-01','MALE','9945747171','doc4_keshav_p@tutanota.com','Not Known ','Not Known','WORKING','Visting Doctor -HCC Psychiatrist',9995,18,'AB+'),('VISITDOC005','Supriya Hegde','1986-01-01','FEMALE','9945747171','doc5_supriya_h@tutanota.com','Not Known ','Not Known','WORKING','Visting Doctor -HCC Psychiatrist',9994,18,'AB+');
/*!40000 ALTER TABLE `Employee` ENABLE KEYS */;
UNLOCK TABLES;

--
-- Table structure for table `Patient`
--

DROP TABLE IF EXISTS `Patient`;
/*!40101 SET @saved_cs_client     = @@character_set_client */;
/*!40101 SET character_set_client = utf8 */;
CREATE TABLE `Patient` (
  `patient_id` int(10) unsigned NOT NULL,
  `patient_type` enum('STUDENT','EMPLOYEE','DEPENDANT') NOT NULL,
  PRIMARY KEY (`patient_id`)
) ENGINE=InnoDB DEFAULT CHARSET=latin1;
/*!40101 SET character_set_client = @saved_cs_client */;

--
-- Dumping data for table `Patient`
--

LOCK TABLES `Patient` WRITE;
/*!40000 ALTER TABLE `Patient` DISABLE KEYS */;
INSERT INTO `Patient` VALUES (0,'EMPLOYEE'),(9994,'EMPLOYEE'),(9995,'EMPLOYEE'),(9996,'EMPLOYEE'),(9997,'EMPLOYEE'),(9998,'EMPLOYEE'),(9999,'EMPLOYEE'),(100001,'STUDENT'),(100002,'STUDENT'),(100003,'STUDENT'),(100004,'STUDENT'),(100005,'STUDENT'),(100006,'STUDENT'),(100007,'STUDENT'),(100008,'STUDENT'),(100009,'STUDENT'),(100010,'STUDENT'),(100011,'STUDENT'),(100012,'STUDENT'),(100013,'STUDENT'),(100014,'STUDENT'),(100015,'STUDENT'),(100016,'STUDENT'),(100017,'STUDENT'),(100018,'STUDENT'),(100019,'STUDENT'),(100020,'STUDENT'),(100021,'STUDENT'),(100022,'STUDENT'),(100023,'STUDENT'),(100024,'STUDENT'),(100025,'STUDENT'),(100026,'STUDENT'),(100027,'STUDENT'),(100028,'STUDENT'),(100029,'STUDENT'),(100030,'STUDENT'),(100031,'STUDENT'),(100032,'STUDENT'),(100033,'STUDENT'),(100034,'STUDENT'),(100035,'STUDENT'),(100036,'STUDENT'),(100037,'STUDENT'),(100038,'STUDENT'),(100039,'STUDENT'),(100040,'STUDENT'),(100041,'STUDENT'),(100042,'STUDENT'),(100043,'STUDENT'),(100044,'STUDENT'),(100045,'STUDENT'),(100046,'STUDENT'),(100047,'STUDENT'),(100048,'STUDENT'),(100049,'STUDENT'),(100050,'STUDENT'),(100051,'STUDENT'),(100052,'STUDENT'),(100053,'STUDENT'),(100054,'STUDENT'),(100055,'STUDENT'),(100056,'STUDENT'),(100057,'STUDENT'),(100058,'STUDENT'),(100059,'STUDENT'),(100060,'STUDENT'),(100061,'STUDENT'),(100062,'STUDENT'),(100063,'STUDENT'),(100064,'STUDENT'),(100065,'STUDENT'),(100066,'STUDENT'),(100067,'STUDENT'),(100068,'STUDENT'),(100069,'STUDENT'),(100070,'STUDENT'),(100071,'STUDENT'),(100072,'STUDENT'),(100073,'STUDENT'),(100074,'STUDENT'),(100075,'STUDENT'),(100076,'STUDENT'),(100077,'STUDENT'),(100078,'STUDENT'),(100079,'STUDENT'),(100080,'STUDENT'),(100081,'STUDENT'),(100082,'STUDENT'),(100083,'STUDENT'),(100084,'STUDENT'),(100085,'STUDENT'),(100086,'STUDENT'),(100087,'STUDENT'),(100088,'STUDENT'),(100089,'STUDENT'),(100090,'STUDENT'),(100091,'STUDENT'),(100092,'STUDENT'),(100093,'STUDENT'),(100094,'STUDENT'),(100095,'STUDENT'),(100096,'STUDENT'),(100097,'STUDENT'),(100098,'STUDENT'),(100099,'STUDENT'),(100100,'STUDENT'),(100101,'STUDENT'),(959956,'STUDENT');
/*!40000 ALTER TABLE `Patient` ENABLE KEYS */;
UNLOCK TABLES;

--
-- Table structure for table `Prescription`
--

DROP TABLE IF EXISTS `Prescription`;
/*!40101 SET @saved_cs_client     = @@character_set_client */;
/*!40101 SET character_set_client = utf8 */;
CREATE TABLE `Prescription` (
  `prescription_id` int(10) unsigned NOT NULL AUTO_INCREMENT,
  `date_time` datetime NOT NULL,
  `doctor_id` tinyint(3) unsigned NOT NULL,
  `patient_id` int(10) unsigned NOT NULL,
  `indication` varchar(255) DEFAULT NULL,
  PRIMARY KEY (`prescription_id`),
  KEY `doctor_id` (`doctor_id`),
  KEY `patient_id` (`patient_id`),
  CONSTRAINT `Prescription_ibfk_1` FOREIGN KEY (`doctor_id`) REFERENCES `Doctor` (`doctor_id`),
  CONSTRAINT `Prescription_ibfk_2` FOREIGN KEY (`patient_id`) REFERENCES `Patient` (`patient_id`)
) ENGINE=InnoDB AUTO_INCREMENT=49 DEFAULT CHARSET=latin1;
/*!40101 SET character_set_client = @saved_cs_client */;

--
-- Dumping data for table `Prescription`
--

LOCK TABLES `Prescription` WRITE;
/*!40000 ALTER TABLE `Prescription` DISABLE KEYS */;
INSERT INTO `Prescription` VALUES (37,'2016-10-26 08:56:41',99,100037,'Cough and Cold'),(38,'2016-10-26 09:24:05',99,100037,'headache'),(39,'2016-10-26 09:24:05',99,100009,'Viral Fever'),(40,'2016-10-26 09:24:05',99,100009,'Leg Sprain '),(41,'2016-10-26 09:24:05',99,100035,'Cough and Cold'),(42,'2016-10-26 09:24:05',99,100035,'Back-ache'),(43,'2016-11-07 13:38:05',1,100009,'Fever'),(44,'2016-11-08 12:29:41',1,100009,'Fever'),(45,'2016-11-11 17:05:42',1,100009,'Fever'),(46,'2016-11-12 22:08:54',1,100009,'Head pain'),(47,'2016-12-02 11:24:48',1,100009,'leg pain'),(48,'2017-01-10 15:54:54',0,100035,'Fever');
/*!40000 ALTER TABLE `Prescription` ENABLE KEYS */;
UNLOCK TABLES;

--
-- Table structure for table `Prescription_drug_map`
--

DROP TABLE IF EXISTS `Prescription_drug_map`;
/*!40101 SET @saved_cs_client     = @@character_set_client */;
/*!40101 SET character_set_client = utf8 */;
CREATE TABLE `Prescription_drug_map` (
  `prescription_id` int(10) unsigned NOT NULL,
  `drug_id` int(10) unsigned NOT NULL,
  `qty` varchar(10) DEFAULT NULL,
  `schedule` varchar(255) DEFAULT NULL,
  `comments` varchar(255) DEFAULT NULL,
  PRIMARY KEY (`prescription_id`,`drug_id`),
  KEY `drug_id` (`drug_id`),
  CONSTRAINT `Prescription_drug_map_ibfk_1` FOREIGN KEY (`prescription_id`) REFERENCES `Prescription` (`prescription_id`),
  CONSTRAINT `Prescription_drug_map_ibfk_2` FOREIGN KEY (`drug_id`) REFERENCES `Drug` (`drug_id`)
) ENGINE=InnoDB DEFAULT CHARSET=latin1;
/*!40101 SET character_set_client = @saved_cs_client */;

--
-- Dumping data for table `Prescription_drug_map`
--

LOCK TABLES `Prescription_drug_map` WRITE;
/*!40000 ALTER TABLE `Prescription_drug_map` DISABLE KEYS */;
INSERT INTO `Prescription_drug_map` VALUES (37,11111,'10','1-1-1','Before Food'),(37,12445,'3','1-0-1','Sleep well , dont take more than 2 daily'),(38,11111,'3','1-1-1','dont overuse this drug'),(39,11111,'5','1 after food daily','-'),(39,12445,'3','1-0-1','Take rest'),(40,12121,'1','apply twice a day',' --'),(41,12445,'12','1-0-1','use after food only'),(42,22222,'1','apply twice a day','--'),(43,3,'1','0-0-1-','Carefully'),(43,5,'3','1-0-1','Take after food'),(43,12445,'2','1-0-1','104FM'),(44,5,'12','1-0-1','Take rest'),(45,2,'3','1-0-1','take daily'),(45,3,'1','1 after food daily','--'),(46,12445,'2','2-0-9','--'),(47,2,'1','1-0-1','take lot of rest'),(48,102,'1','1-0-1','take daily or death');
/*!40000 ALTER TABLE `Prescription_drug_map` ENABLE KEYS */;
UNLOCK TABLES;

--
-- Table structure for table `Student`
--

DROP TABLE IF EXISTS `Student`;
/*!40101 SET @saved_cs_client     = @@character_set_client */;
/*!40101 SET character_set_client = utf8 */;
CREATE TABLE `Student` (
  `rollno` varchar(31) NOT NULL,
  `name` varchar(255) NOT NULL,
  `dob` date NOT NULL,
  `sex` enum('MALE','FEMALE','OTHER') NOT NULL,
  `phno` varchar(15) NOT NULL,
  `email_id` varchar(255) NOT NULL,
  `guardian_phno` varchar(15) NOT NULL,
  `loc_addr` text NOT NULL,
  `perm_addr` text NOT NULL,
  `patient_id` int(10) unsigned NOT NULL,
  `dept_id` tinyint(2) NOT NULL,
  `course_id` tinyint(2) NOT NULL,
  `blood_id` enum('A+','A-','B+','B-','AB+','AB-','O+','O-') DEFAULT NULL,
  PRIMARY KEY (`rollno`),
  KEY `dept_id` (`dept_id`),
  KEY `course_id` (`course_id`),
  KEY `patient_id` (`patient_id`),
  CONSTRAINT `Student_ibfk_1` FOREIGN KEY (`dept_id`) REFERENCES `Department` (`dept_id`),
  CONSTRAINT `Student_ibfk_2` FOREIGN KEY (`course_id`) REFERENCES `Course` (`course_id`),
  CONSTRAINT `Student_ibfk_3` FOREIGN KEY (`patient_id`) REFERENCES `Patient` (`patient_id`)
) ENGINE=InnoDB DEFAULT CHARSET=latin1;
/*!40101 SET character_set_client = @saved_cs_client */;

--
-- Dumping data for table `Student`
--

LOCK TABLES `Student` WRITE;
/*!40000 ALTER TABLE `Student` DISABLE KEYS */;
INSERT INTO `Student` VALUES ('14EC110','Manish Patkar','0000-00-00','MALE','9443442551','patkar@gmail.com','patkar@gmail.co','nitk','nitk beman',959956,7,0,'A-'),('14IT101','A.Y.Santhoshi','0000-00-00','FEMALE','9916408132','ambatisantoshi0066@gmail.com','9916408132','NITK','Dr.2-9-64/2,Surya colony Plot no 28,Near City High school,Bolarum,Sec-bad ,Telangana,Pin code 500010',100001,7,0,'B+'),('14IT102','Aafreen I Sheikh','1996-08-05','FEMALE','7829810245','aafreensheikh5@gmail.com','7829810245','NITK','27,Kalyan Nagar,   Bengeri,Keshwapur,  Hubli-580023. Karnataka. ',100002,7,0,'O+'),('14IT103','Adithya Bhat','1996-05-10','MALE','9632515862','dth.bht@gmail.com','9632515862','NITK','2-5 Kajake House, Yerlapady Post  village, Karkala, 574102 ',100003,7,0,'A+'),('14IT104','Aditi Singh','1996-07-15','FEMALE','8971416572','aditis1507@gmail.com','8971416572','NITK','Flat FOF-6, Ajantha Vihar  4th Main,Venkateshwara  Garment factry,Yelahanka Bangalore-560064',100004,7,0,'A-'),('14IT105','Aditya Kumar','1996-06-21','MALE','8757777655','adds.96@gmail.com','8757777655','NITK','PT- 69C Block Office Ramgarh, Jharkhand  -829122 ',100005,7,0,'B+'),('14IT106','Ammanamanchi Namratha Deepthi','1996-06-08','FEMALE','9986037978','namratha8a@gmail.com','9986037978','NITK','T-4D Harsha Garden ,  18th main  padmanabhanagar Bangalore-560061',100006,7,0,'O+'),('14IT107','Ananya R Shetty','1996-06-18','FEMALE','8197295979','ananyarockz111@gmail.com','8197295979','NITK','Mayura\' ,opposite to  sharadha kalyan mantapa old post office road surathkal-575025',100007,7,0,'O+'),('14IT108','AUDIL IQBAL','1996-06-19','MALE','8147345733','audil.iqbal000@gmail.com','8147345733','NITK','#16/2, 1st cross, MS Palya, Bharat Nagar,  Vidyarunpura, Bangalore -560097',100008,7,0,'O+'),('14IT110','Dhiraj Bhakta K','1995-11-15','MALE','9483895729','dhirajbhakta110@gmail.com','9483895729','NITK','prithvi, opp SaiRadha Empire apartments,  bunts hostel Rd, udupi 576101, Karnataka',100009,7,0,'O+'),('14IT111','Dikshant Yadav','1996-05-19','MALE','8197420640','dikshantyadav19@gmail.com','8197420640','NITK','Jes Paradise,3rd Cross Ward,IIIrd Cross,KG Halli,Jalahalli West,Bangalore -560015',100010,7,0,'B+'),('14IT112','Divija Nagaraju','1996-11-06','FEMALE','7022209465','divijanagraju@gmail.com','7022209465','NITK','A/1 Panacea, opposite Ayodhya hospital,Vikas Nagar Wanawadi,Pune-411040',100011,7,0,'B+'),('14IT113','K Saicharan','1996-10-03','MALE','9964300193','komuravellisaicharan@gmail.com','9964300193','NITK','H.No.15-140,Sai  Apartments,Mirjaguda Malkajgiri, Hyderabad,500047',100012,7,0,'B+'),('14IT114','Karode Shreyash Sandeep','1996-06-07','MALE','7026142563','shreyashkarode140@gmail.com','7026142563','NITK','Lumbini Nagar   Nachangaon Road Pulgaon,Wardha, Maharashtra',100013,7,0,'A+'),('14IT115','Kavadi Lasya','1996-10-24','FEMALE','9964299315','k.lasya9@gmail.com','9964299315','NITK','Dr.no.3-3-33A1, ,Ambalpady, Udupi,Karnataka ',100014,7,0,'B+'),('14IT116','Keerthana A','1996-05-02','FEMALE','8762176408','akeerthana25@gmail.com','8762176408','NITK','#201,SRIKAR ALPINE APTS,  HANUMAN NAGAR CROSS, NEW THIPPASANDRA  BLORE 560075',100015,7,0,'B+'),('14IT117','Kevin George','1996-04-03','MALE','9916346255','kevingeorge2006@hotmail.com','9916346255','NITK','78 ptp nagar   Trivandrum Kerala 595058  ',100016,7,0,'O+'),('14IT118','Ksh.Yaiphabee Devi','1996-03-12','FEMALE','9483504239','aparnapl99@gmail.com','9483504239','NITK','Flat No. 206, Ananya appartments, Kodialbail Mangalore 575003',100017,7,0,'O+'),('14IT119','Malipeddi Naga Mani Theja','1997-08-16','MALE','9916407541','nagamaniteja@gmail.com','9916407541','NITK','h.3-549-1,krishnapuram  2nd road,tadpatri Anantapur ,AndhraPradesh-515411',100018,7,0,'B+'),('14IT120','Manisha Jhawar','1996-11-24','FEMALE','9483956150','manishajhawar96@gmail.com','9483956150','NITK','Qtr. No.D-49/B,Kaveri   Street,L N Nagar,Vasava Sedam,Dist.Gulbarga, Karnataka-585222',100019,7,0,'B+'),('14IT122','Md Raashid Alam','1998-01-12','MALE','9964297455','rashid.sts1@gmail.com','9964297455','NITK','Moh-Banoulia(Bichli Aran) ,Biharsharif,dist-Nalanda State-Bihar 803101 ',100020,7,0,'A+'),('14IT123','Mithun R','1996-10-08','MALE','8951864880','mithun810.rocks@gmail.com','8951864880','NITK','#2290 HAL 3 stage  BDA Layout 3rd main  2nd cross Bangalore-17 ',100021,7,0,'B+'),('14IT124','Vinay Jayant Mundada','1996-11-27','MALE','9420440321','vinaymundada27@gmail.com','9420440321','NITK','14,Neelratna Society, 1103/B, Lakaki Road,   Model Colony, Pune  Maharashtra.-411016,',100022,7,0,'O+'),('14IT125','Nagarjun S A','1996-10-15','MALE','9740899780','nagarjunsa09@gmail.com','9740899780','NITK','Plot no.13, Adarsh Nagar Near Cambridge School,  Gadag-582101 ',100023,7,0,'O+'),('14IT126','N V Shivani Reddy','1997-09-17','FEMALE','9964296918','shivanireddynalla17@gmail.com','9964296918','NITK','H.no :4-5-72, Annapurna Colony,NTPC, Ramagundam,Karimnagar  Telangana-505215',100024,7,0,'B+'),('14IT127','Nitya C Kamala','1996-04-26','FEMALE','9986190384','nitya_kamala@yahoo.co.in','9986190384','NITK','#31 \"Ravideep\",5th Main ,Royal Shelters Phase 1, Devara,chikkanahalli, Bangalore-560076',100025,7,0,'O+'),('14IT128','Padmaja V Bhagwat','1997-01-17','FEMALE','8970849104','padmajabhagwat4@gmail.com','8970849104','NITK','No. 8/5,Pandippilly House, ,Doddakennehalli,  Sarjapurroad,Carelaram  Banglore-560011',100026,7,0,'B+'),('14IT129','Param Hanji','1995-10-28','MALE','9535952857','param.catchchaos@gmail.com','9535952857','NITK','#98 4th Cross Veerabhad ranagar 2nd Stage,   Bangalore - 560037 ',100027,7,0,'A+'),('14IT130','Parvathi M.H.','1996-03-14','FEMALE','9964633034','mhparvathi@gmail.com','9964633034','NITK','16/3,f3,apoorva apts marenhalli mainroad, saraswathi nagar,vijayanagar, bangalore-560040',100028,7,0,'B+'),('14IT131','Mudra K. Patel','1996-03-05','FEMALE','7022209390','mudra111@gmail.com','7022209390','NITK','26,North,Suvidhinath   Society,Patan,Gujarat  ',100029,7,0,'O+'),('14IT132','Pidaparthi Lakshmi Aparna','1996-10-19','FEMALE','9483504239','aparnapl99@gmail.com','9483504239','NITK','Flat No. 206,Ananya Apts , Behind Empire mall,  Kodialbail ,  Mangalore 575003',100030,7,0,'AB+'),('14IT133','Prajwal Nayaka M','1996-09-13','MALE','9449461866','mprajwalnayaka@gmail.com ','9449461866','NITK','#B-402, Resotica apts nodu lane, 5th cross,  Bejai new Road, Bejai, Mangalore-575004',100031,7,0,'B+'),('14IT134','Rajat Sanjeev Narlawar','1996-02-27','MALE','9441421892','rajat.narlawar@gmail.com','9441421892','NITK','H.No:1-46 Old SBH road, (T/Q&Post)Madnoor,  Nizamabad ,Telangana, , Pin:503309',100032,7,0,'O+'),('14IT135','Rajesh Yadav','1996-05-02','MALE','8088464051','rajeshyadav.daan@gmail.com','8088464051','NITK','At+Post-Ghuthiya Pesra, ,Block-Sariya,Giridih Jharkhand 825320 ',100033,7,0,'O+'),('14IT136','Rakshitha KN','1996-08-19','FEMALE','9945311281','kn.rakshi@gmail.com','9945311281','NITK','#13, 18th cross, kana kanagar, R.T.Nagar,   Bangalore -560032 ',100034,7,0,'O+'),('14IT137','Ranganath Pai M','1996-10-23','MALE','9036967980','ranganath.pai@gmail.com','9036967980','NITK','Apoorva, Kalyana Swa my Road, Kundapura -  karnataka 576201 ',100035,7,0,'B+'),('14IT138','Ravella Geetha Sri','1996-09-24','FEMALE','7022209380','ravellageetha@gmail.com','7022209380','NITK','Flat no-4A,Bommarillu, ,Donka Road,5th Lane Guntur- 522002,Andhra Pradesh.',100036,7,0,'O+'),('14IT139','Rishab R','1996-02-06','MALE','9916684156','rishab.ranga1996@gmail.com','9916684156','NITK','531 Anugraha 26 th Main  2 nd Cross  B.T.M Layout 2 Stage  Bangalore-560076',100037,7,0,'A+'),('14IT140','Rowlinson Oinam','1997-02-03','MALE','9035888636','rowlinson.oinam@gmail.com','9035888636','NITK','Thangalawai Mamang Leika i, P.O. & P.S. Moirang -   795133, Bishnupur District, Manipur ',100038,7,0,'B+'),('14IT141','Simma Dharani','1996-11-21','FEMALE','9493702192','dharani479@gmail.com','9493702192','NITK','C/o V ChinniKrishnayya, Plot no- 1, Visakha\'B\' Colony,  Srikakulam, AndhaPradesh, pincode - 532001',100039,7,0,'O+'),('14IT142','Sindhoora Prakash','1996-10-02','FEMALE','9742902005','sinprak210@gmail.com','9742902005','NITK','#12, Bharathiyar 2nd Street,  Pazhavanthangal, Chennai- 600114 ',100040,7,0,'A+'),('14IT143','Sneha Jhaveri','1996-10-09','FEMALE','8971000610','snehajhaveri910@gmail.com','8971000610','NITK','Flat 2A,\"SAMRIDHI\"  18/2B,sarat bose  road,Kolkata. ',100041,7,0,'A+'),('14IT144','Soundarya Ramesh','1996-08-05','FEMALE','9986658958','soundaryaramesh96@gmail.com','9986658958','NITK','#69,\"Bala Ganesh\",First Main Temple Road, Malleswaram ,Bangalore 560-003',100042,7,0,'O+'),('14IT145','Thatte Manasa ','1997-06-03','FEMALE','9449081559','manasathatte@gmail.com ','9449081559','NITK','Sri Lakshmi Nivas Channabasava Nagar,  Kinnal road,Koppal,  Karnataka ',100043,7,0,'B+'),('14IT146','Tirumareddy Akshay Prabhakar','1996-12-30','MALE','9901053342','akshaytap1996@gmail.com','9901053342','NITK','flatno:204,Ashritha apts ,Lalithanagar,Akkayapalem, Visakhapatnam-530016, Andhra Pradesh',100044,7,0,'O+'),('14IT147','Tushar K Rao','1996-10-25','MALE','9480506998','tusharkrao999@gmail.com','9480506998','NITK','503,Shalini Enclave, opp . PVS KalaKunj,Kodial bail,Mangalore-575 003 ',100045,7,0,'A-'),('14IT148','Vaibhav Rajkiran Arcot','1996-07-02','MALE','7760218074','yvarcot@gmail','7760218074','NITK','131/4 Nelaguli village,  Kanakapura main road,   Bangalore 560082 ',100046,7,0,'O+'),('14IT149','Vaishalidas','1995-09-02','FEMALE','9480624242','vaishalidas7@rediffmail.com','9480624242','NITK','ASHA DEEPA,3rd cross,Basaveshwar Nagar ,Shimoga-577201, Karnataka.',100047,7,0,'A+'),('14IT150','Vedant Patel','1996-10-03','MALE','9964302306','vedant.patel031096@gmail.com','9964302306','NITK','Flat no. 406, Platinum  Towers, Peermuchalla,  Zirakpur,  Punjab - 140603',100048,7,0,'A+'),('14IT151','Vishal Roy','1995-11-18','MALE','7829584877','vishal.roy.nitk@gmail.com','7829584877','NITK','#139, 2nd Cross, Bennig anahalli, Old Madras Road,  P.O Doorvaninagar,  Bangalore-560016',100049,7,0,'A+'),('14IT152','V Sai Harini','1996-11-30','FEMALE','9964297074','saiharinivoruganti@gmail.com','9964297074','NITK','plot-50,flat-105,Sri Shakti Estates,Kalyan Nagar-III,   Hyderabad,Telangana, 500018',100050,7,0,'O+'),('14IT153','Ayushi Agrawal','1995-04-07','FEMALE','9916613444','ayushi.ag0704@gmail.com','9916613444','NITK','1565,M.G Road, Gokulganj Mhow ,M.P-453441 ',100051,7,0,'O+'),('14IT201','Adrian George','1995-09-12','MALE','7022209370','adrian5george@gmail.com','7022209370','NITK','Vallopillil House Anchery, Thodupuzha PO,Iduki, Kerala ',100052,7,0,'B+'),('14IT203','Ambati Prashanth Kumar','1996-08-19','MALE','9902769411','prashanth8314@gmail.com','9902769411','NITK','#56 Royal Shelters,  Devarachikkanahalli, IIMB ,  Bannerghatta Road,  Bangalore 560076',100053,7,0,'O+'),('14IT204','Amogha Udupa S G','1996-04-15','MALE','7406170034','amogha15@gmail.com','7406170034','NITK','#11, 6th cross, RR  Layout,Arekere,  BTM 4th Stage,  Bangalore-560076',100054,7,0,'A+'),('14IT205','Ashik Rajan Palakkal','1997-02-22','MALE','8971069237','ashikrswat@gmail.com','8971069237','NITK','Sapthaswara Puranattukara  PO Thrissur Kerala 680551  ',100055,7,0,'AB+'),('14IT206','Ashith Nambiar','1996-11-11','MALE','9916611317','ashith.namibiar@gmail.com','9916611317','NITK','1/236 Anil Vihar,  ThavukunnuKavala,  Naduvil PO, Thaliparamba,  Kannu,Kerala-670582',100056,7,0,'O+'),('14IT207','Saurabh Bajaj','1996-05-07','MALE','9964303480','saurabhsbajaj@gmail.com','9964303480','NITK','Flat no. 3,Gardenview appt. ,near Indira Ganghi garden, masulkar colony, pimpri,pune-411018',100057,7,0,'O+'),('14IT208','Bathini Mahitha Vaishnavi','1997-08-15','MALE','7386443243','mahithavaishnavi@gmail.com','7386443243','NITK','4-120-3,flat.no:306,sai  sapthagiri towers,venkata ramana colony,kurnool- 518006,Andhra pradesh',100058,7,0,'B+'),('14IT209','Bhat Aditya Sampath','1996-09-21','MALE','9483924873','adityabhats96@gmail.com','9483924873','NITK','301, Vijayanagara Apart ments, Bunts Hostel Road , Mangalore-575003 ',100059,7,0,'B+'),('14IT210','Deepak','1997-05-11','MALE','8497832217','aacharyadeepak100@gmail.com','8497832217','NITK','s/o Baburaya Acharya 38th   Kalthur(v),Cherkadi,Udpi Santhekatte(p)Santhe katte 576215',100060,7,0,'A+'),('14IT211','Divya Narayanan','1996-02-27','FEMALE','9900044859','n.divi2009@gmail.com','9900044859','NITK','#109,SMR Vinay Crescent ,Hennur Main Road ,Bangalore-560043 ',100061,7,0,'O+'),('14IT212','G.Charitha','1997-08-01','FEMALE','9916608589','charithagurram1997@gmail.com','9916608589','NITK','H.No.11-10-255/3, StreetNo.7,RoadNo.2, VijayapuriColony,Kothapet, Hyderabad-500060',100062,7,0,'B+'),('14IT213','Jaju Krishna Bhagwan','1997-02-24','MALE','8147270523','coolkrish0024@gmail.com','8147270523','NITK','C/3-2 BJP Market, Ichalk aranji, Kolhapur,  Maharashtra ',100063,7,0,'A+'),('14IT214','Jayendra Sai Ramana.N','1996-10-17','MALE','8977461363','jayendrasai@gmail.com','8977461363','NITK','H:No- 2-3-512/B/24  Chenna Reddy Nagar  Amberpet,Hyderabad -500013',100064,7,0,'B+'),('14IT215','K SONALI','1996-12-16','FEMALE','9535894617','sonalik.4574@gmail.com','9535894617','NITK','#148,11th C cross,2ndstage  west of chord road,  mahalakshmipuram,  bangalore-560086',100065,7,0,'O+'),('14IT216','Kakarla Sai Teja','1997-11-01','MALE','9916611785','kakarlasaiteja@gmail.com','9916611785','NITK','D.No:23-1-120, SriLaxmiSrinivsa GeneralStore Poolakotlacenter,Guntur, Andhra Pradesh522003',100066,7,0,'B+'),('14IT217','KANDRU SAI RONIT','1996-12-12','MALE','7022089839','ronit.munna@gmail.com','7022089839','NITK','FLAT NO : 404 , PEARL PALACE APTS GUNFOUNDRY,ABIDS, HYDERABAD-500029',100067,7,0,'O+'),('14IT218','Kankipati Siva Sankar','1997-01-04','MALE','9035769771','sivasankar3620@gmail.com','9035769771','NITK','D 3-115 Ramannapalem, Penugonda mandal, Westgod davari dst, ANDHRAPR ADESH, 534234',100068,7,0,'O+'),('14IT219','Kapil Sen','1995-07-16','MALE','7022090078','kapilsen9000@gmail.com','7022090078','NITK','Bassi Mohalla Sanwar, Ward no.-8,,The Mavli,Dist:Udaipur(Rajasthan) Pin code-313206',100069,7,0,'O+'),('14IT220','Kulkarni Mukta Sanjay','1996-03-03','FEMALE','9920042829','mukta3396@gmail.com','9920042829','NITK','36 Trimurti, Parel Village, Parel, Mumbai Maharash tra 400012  ',100070,7,0,'B+'),('14IT221','Mayank Dixit','1995-03-01','MALE','8904659475','mayankdixit1995@gmail.com','8904659475','NITK','House No-98,Nawab Colony, Tilkamanjhi,Bhagalpur ,Bihar-812001 ',100071,7,0,'B+'),('14IT222','Mounisha.R','1997-02-23','FEMALE','9686640902','mounishar121@gmail.com','9686640902','NITK','melur,shidlaghatta Tq, chickballapur Di,Karnataka  562102 ',100072,7,0,'O+'),('14IT223','Vaibhav Nayak','1996-09-01','MALE','8050517097','vaibhav.nayak@gmail.com','8050517097','NITK','A-1 Silver Strip, Vakola  Pipeline,Santacruz ,Mumbai   400055. Maharashtra.',100073,7,0,'B+'),('14IT224','Neha B','1996-11-12','FEMALE','8867665300','neharao.nbr@gmail.com','8867665300','NITK','Nanda Shree,Shivaram Rao  Compound,Mizar Cashew   Factory Road,Urva ,Mangalore-575006',100074,7,0,'A+'),('14IT225','Nihar Shailesh Joshi','1996-05-05','MALE','9769270110','nsj0596@gmail.com','9769270110','NITK','Flat No. 408, Tower No. 11, Yvonne Towers,  Sector R2, DP Road,  Andheri(East),Mumbai-400072.',100075,7,0,'A+'),('14IT226','Nitin S.','1996-10-11','MALE','9901372510','nitin.sel@gmail.com','9901372510','NITK','#7, 1518, B-Block, 9th Main, SriSaiApartments, SahakaraNagar ',100076,7,0,'A+'),('14IT228','Pankaj Prajapat','1997-02-04','MALE','9916345728','pprajapat739@gmail.com','9916345728','NITK','Kaseriya Colony  Degana Jn  . ,Rajasthan  - 341503 ',100077,7,0,'B+'),('14IT229','PATEL DHAWAL ASHOK','1995-11-25','MALE','9964326369','dapatel129@gmail.com','9964326369','NITK','New Ram Nagar,Toshniwal  Layout,Behind L.R.T College Akola   (Maharashtra)-444001 ',100078,7,0,'B+'),('14IT230','Pooja Mahadev Soundalgekar','1996-11-27','FEMALE','8792067534','pooja27ms@gmail.com','8792067534','NITK','D-303,Eisha FootPrintApt, opp to INS Tathawade  ,Wakad, Pune  Maharashtra -411033',100079,7,0,'O+'),('14IT231','Prerana K R','1996-05-27','FEMALE','9731515885','prerana.kr@gmail.com','9731515885','NITK','E 29/6, Phase-1, DRDO Township, C V Raman Nagar , Bangalore 560093 ',100080,7,0,'A+'),('14IT232','R.Sravya','1997-01-26','FEMALE','9916618975','sravyarajarikam@gmail.com','9916618975','NITK','flat no :402,Mithra  Sai Towers,Prabhathnagar, Chaitanyapuri, Dilsukhnagar, HYDERABAD-500060',100081,7,0,'B+'),('14IT233','Rajesh Karunanidhi','1995-11-20','MALE','7022089957','rajeshkarunanidhi12@gmail.com','7022089957','NITK','C/48,New Chandra CHS, Veeradesai road, Andheri(West),Mumbai 400053,Maharashtra.',100082,7,0,'O+'),('14IT234','Rama Shanbhag','1996-07-31','FEMALE','9483946161','ramashanbhag31@gmail.com','9483946161','NITK','#62,\'Sai Kiran\',Hosur,cross 2,Hubli-580021  ',100083,7,0,'A+'),('14IT235','R Chetan jaydeep','1996-10-26','MALE','8123462610','chetanravada@gmail.com','8123462610','NITK','93/92 20B main, 1 R block , Rajajinagar, bangalore - 10,  Karnataka ',100084,7,0,'B+'),('14IT236','Risheek G Chandra','1996-02-11','MALE','8884950661','risheek.g.chandra@gmail.com','8884950661','NITK','#497, 11th Cross,8th Main,  JP Nagar 2nd Phase,  Bangalore 560078 ',100085,7,0,'O+'),('14IT237','ROOPA LALITHA VAKADA','1996-08-20','FEMALE','9964300103','lalithavakada96@gmail.c0m','9964300103','NITK','Sec -8 229/C  Ukkunagaram, Visakhapatnam-32, Andhra  Pradesh',100086,7,0,'O+'),('14IT238','Sabavath Balakoti','1996-07-06','MALE','8722484761','balusabavath96@gmail.com','8722484761','NITK','village->badilithanda,  balanagar,  Thirmalapur,mahabubnagar,   TELANGANA-509340',100087,7,0,'AB+'),('14IT239','Sailaja Duvva','1996-11-24','FEMALE','9071876326','sailaja24.96@gmail.com','9071876326','NITK','flat no 4350/51,Janapriya Metropolis,Motinagar, Erragadda road  Hyderabad-500018',100088,7,0,'O+'),('14IT240','Samyak R Jain','1995-12-24','MALE','9611638180','samyak24jain@gmail.com','9611638180','NITK','#4/5, 1st Floor, Jineshwar  Apartment, 1st Cross,  Nehru Nagar,  Bangalore - 560020',100089,7,0,'A+'),('14IT241','SANDHYA S','1996-07-14','FEMALE','9620999010','sandhyaskarla14@gmail.com','9620999010','NITK','SRIMATHA 3rd cross, tellar road, karkala , udupi dist. 574104 ',100090,7,0,'A+'),('14IT242','Shwetha','1996-07-21','FEMALE','9740247962','shwethas.athrady@gmail.com','9740247962','NITK','SHWETHA\'  Satish Nagar, Post Athradi,Via Parkala ,Udupi-576107 ',100091,7,0,'O+'),('14it243','Srivalya Elluru','1996-10-05','FEMALE','7022087257','srivalya.elluru@gmail.com','7022087257','NITK','H.no 37-93/59/1  Madhuranagar,Neredmet  X Ray rd ,R.K puram post  Hyderabad.-500056',100092,7,0,'B+'),('14it244','Priyanka .S','1997-06-13','FEMALE','9010994550','priyanka.sundru@gmail.com','9010994550','NITK','Dr.no 58-5-32/A,Ranga Rao  Street,N.T.RCircle, Vijayawada 520010,andhrapradesh',100093,7,0,'O-'),('14IT245','S Manaswini','1997-06-18','FEMALE','8722934813','manaswini.01996@gmail.com','8722934813','NITK','Dr.no : 21-8-111/1, Teacher\'s  colony, Hindupur,Anantapur, Andhrapradesh-515201',100094,7,0,'B+'),('14IT246','T.Parthasarathi','1997-08-16','MALE','9964297969','parthusarathi19@gmail.com','9964297969','NITK','H.NO;2-8/b, jagaboinpally(vi),midjil mahaboobnagar Telangana-500320',100095,7,0,'A+'),('14IT247','Vaishnavi CH','1997-08-05','FEMALE','7406458561','chilukuri.vaish@gmail.com','7406458561','NITK','Gandhinagar, sindhanur-584128 raichur(dist),karnataka. ',100096,7,0,'A+'),('14IT248','Vinay Shankar Bhat','1996-10-30','MALE','8105235201','vinaybhat001@gmail.com','8105235201','NITK','#613, A4 Godavari Block,  National Games Village, Koramangala, Bangalore ',100097,7,0,'O+'),('14IT249','Vishakh P','1996-09-17','MALE','9945043069','vishakhpadmakumar@gmail.com','9945043069','NITK','B-013, Admiralty Avenue,  6thMain,13thCross,  Indiranagar,  Bangalore- 560038',100098,7,0,'B+'),('14IT250','Vivek Kumar','1996-04-19','MALE','8050540697','vivekkumarsah2@gmail.com','8050540697','NITK','40 B.T Road, Oran Para,  Post Titagarh,   24 Paragnas(N),  Kolkata - 700119',100099,7,0,'B+'),('14IT251','Yogitha A N','1997-01-07','FEMALE','9448369606','yogitha1997@gmail.com','9448369606','NITK','2-5-67,\"Sudhir nilaya\",  5th cross, Kolambe ,   Udupi-576101 ',100100,7,0,'O+'),('14IT252','S. S. Karan','1996-02-25','MALE','8147288906','amritaskaran@gmail.com','8147288906','NITK','Flat 104,  \"Golden Empire Apartments\",  , Urwa stores, Mangalore,  , Karnataka  575 006',100101,7,0,'O+');
/*!40000 ALTER TABLE `Student` ENABLE KEYS */;
UNLOCK TABLES;
/*!50003 SET @saved_cs_client      = @@character_set_client */ ;
/*!50003 SET @saved_cs_results     = @@character_set_results */ ;
/*!50003 SET @saved_col_connection = @@collation_connection */ ;
/*!50003 SET character_set_client  = utf8 */ ;
/*!50003 SET character_set_results = utf8 */ ;
/*!50003 SET collation_connection  = utf8_general_ci */ ;
/*!50003 SET @saved_sql_mode       = @@sql_mode */ ;
/*!50003 SET sql_mode              = 'NO_ENGINE_SUBSTITUTION' */ ;
DELIMITER ;;
/*!50003 CREATE*/ /*!50017 DEFINER=`root`@`localhost`*/ /*!50003 TRIGGER before_insert_into_Student
BEFORE INSERT
   ON Student FOR EACH ROW

BEGIN
   INSERT INTO Patient VALUES (NEW.patient_id,'STUDENT');

END */;;
DELIMITER ;
/*!50003 SET sql_mode              = @saved_sql_mode */ ;
/*!50003 SET character_set_client  = @saved_cs_client */ ;
/*!50003 SET character_set_results = @saved_cs_results */ ;
/*!50003 SET collation_connection  = @saved_col_connection */ ;

--
-- Table structure for table `User`
--

DROP TABLE IF EXISTS `User`;
/*!40101 SET @saved_cs_client     = @@character_set_client */;
/*!40101 SET character_set_client = utf8 */;
CREATE TABLE `User` (
  `id` varchar(16) NOT NULL,
  `password_hash` varchar(255) NOT NULL,
  `email_id` varchar(255) DEFAULT NULL,
  `confirmed` enum('YES','NO') NOT NULL DEFAULT 'NO',
  `user_type` enum('STUDENT','EMPLOYEE','DEPENDANT','DOCTOR','ADMIN','PHARMA') DEFAULT NULL,
  UNIQUE KEY `email_id` (`email_id`)
) ENGINE=InnoDB DEFAULT CHARSET=latin1;
/*!40101 SET character_set_client = @saved_cs_client */;

--
-- Dumping data for table `User`
--

LOCK TABLES `User` WRITE;
/*!40000 ALTER TABLE `User` DISABLE KEYS */;
INSERT INTO `User` VALUES ('14IT110DOCTOR','pbkdf2:sha1:1000$VrMQQOXk$6406a9abd7779ef8ac374d41cd5d4b73d2e04d83','dhirajcr@yahoo.com','YES','DOCTOR'),('14IT137','pbkdf2:sha1:1000$YVrKu2VI$9e44f5868af13b05a2d6714bbcae239b4cd78f8b','ranganath.pai@gmail.com','YES','STUDENT'),('14IT223','pbkdf2:sha1:1000$p9QvUeKI$3f76423b05698b7d1a64f5705e6caca3e628fa18','vaibhav.nayak@gmail.com','YES','STUDENT'),('14IT139','pbkdf2:sha1:1000$eKZYSe3x$5c4c7ff0081d66202c647696c9492e6d3762d0d2','rishab.ranga1996@gmail.com','NO','STUDENT'),('14IT214','pbkdf2:sha1:1000$W6lb3L2M$0e01b6dc143e98d1db9b06f27c5b44212d8e631c','jayendrasai@gmail.com','YES','STUDENT'),('VISITDOC001','pbkdf2:sha1:1000$a0CimXjW$a79d14f98a6823ea2ea1e433a0fb2d8e85402dc1','doc1_anil_k@tutanota.com','YES','DOCTOR'),('admin','pbkdf2:sha1:1000$G2PGVkMG$2fa48ea4d6e6e6df42040161921210ec2abdd089','nitkhcc@gmail.com','YES','ADMIN'),('14IT110','pbkdf2:sha1:1000$SRAwWuNw$3a3ba3b1c55e994a6504ca18d641e3871b002838','dhirajbhakta110@gmail.com','YES','STUDENT'),('14IT117','pbkdf2:sha1:1000$TDF1oBP4$41109ee72699195bc92828ab406e6c1510eb11cd','kevingeorge2006@hotmail.com','YES','STUDENT'),('admin','pbkdf2:sha1:1000$6eVfvLTT$cd4499154301ecfb79128ed26f7564107b4734c2','nitkhcc2@gmail.com','YES','PHARMA');
/*!40000 ALTER TABLE `User` ENABLE KEYS */;
UNLOCK TABLES;

--
-- Temporary view structure for view `View_appointment_admin`
--

DROP TABLE IF EXISTS `View_appointment_admin`;
/*!50001 DROP VIEW IF EXISTS `View_appointment_admin`*/;
SET @saved_cs_client     = @@character_set_client;
SET character_set_client = utf8;
/*!50001 CREATE VIEW `View_appointment_admin` AS SELECT 
 1 AS `date`,
 1 AS `patient_id`,
 1 AS `patient_type`,
 1 AS `name`,
 1 AS `specialization`,
 1 AS `slot_ID`*/;
SET character_set_client = @saved_cs_client;

--
-- Temporary view structure for view `View_appointment_patient_ref_map`
--

DROP TABLE IF EXISTS `View_appointment_patient_ref_map`;
/*!50001 DROP VIEW IF EXISTS `View_appointment_patient_ref_map`*/;
SET @saved_cs_client     = @@character_set_client;
SET character_set_client = utf8;
/*!50001 CREATE VIEW `View_appointment_patient_ref_map` AS SELECT 
 1 AS `date`,
 1 AS `doctor_id`,
 1 AS `patient_id`,
 1 AS `patient_type`*/;
SET character_set_client = @saved_cs_client;

--
-- Temporary view structure for view `View_appointment_static_join`
--

DROP TABLE IF EXISTS `View_appointment_static_join`;
/*!50001 DROP VIEW IF EXISTS `View_appointment_static_join`*/;
SET @saved_cs_client     = @@character_set_client;
SET character_set_client = utf8;
/*!50001 CREATE VIEW `View_appointment_static_join` AS SELECT 
 1 AS `session_id`,
 1 AS `doctor_id`,
 1 AS `day`,
 1 AS `start_time`,
 1 AS `end_time`,
 1 AS `session_limit`,
 1 AS `week_no`*/;
SET character_set_client = @saved_cs_client;

--
-- Temporary view structure for view `View_patient_appointment`
--

DROP TABLE IF EXISTS `View_patient_appointment`;
/*!50001 DROP VIEW IF EXISTS `View_patient_appointment`*/;
SET @saved_cs_client     = @@character_set_client;
SET character_set_client = utf8;
/*!50001 CREATE VIEW `View_patient_appointment` AS SELECT 
 1 AS `slot_id`,
 1 AS `name`,
 1 AS `date`,
 1 AS `start_time`,
 1 AS `end_time`,
 1 AS `patient_id`,
 1 AS `specialization`,
 1 AS `status`*/;
SET character_set_client = @saved_cs_client;

--
-- Temporary view structure for view `View_schedule`
--

DROP TABLE IF EXISTS `View_schedule`;
/*!50001 DROP VIEW IF EXISTS `View_schedule`*/;
SET @saved_cs_client     = @@character_set_client;
SET character_set_client = utf8;
/*!50001 CREATE VIEW `View_schedule` AS SELECT 
 1 AS `doctor_id`,
 1 AS `name`,
 1 AS `date`,
 1 AS `week_no`,
 1 AS `day_name`,
 1 AS `start_time`,
 1 AS `end_time`*/;
SET character_set_client = @saved_cs_client;

--
-- Current Database: `HCCdb`
--

USE `HCCdb`;

--
-- Final view structure for view `View_appointment_admin`
--

/*!50001 DROP VIEW IF EXISTS `View_appointment_admin`*/;
/*!50001 SET @saved_cs_client          = @@character_set_client */;
/*!50001 SET @saved_cs_results         = @@character_set_results */;
/*!50001 SET @saved_col_connection     = @@collation_connection */;
/*!50001 SET character_set_client      = utf8 */;
/*!50001 SET character_set_results     = utf8 */;
/*!50001 SET collation_connection      = utf8_general_ci */;
/*!50001 CREATE ALGORITHM=UNDEFINED */
/*!50013 DEFINER=`root`@`localhost` SQL SECURITY DEFINER */
/*!50001 VIEW `View_appointment_admin` AS select `Appointment_calendar`.`date` AS `date`,`Appointment_slot`.`patient_id` AS `patient_id`,`Patient`.`patient_type` AS `patient_type`,`Doctor`.`name` AS `name`,`Doctor`.`specialization` AS `specialization`,`Appointment_slot`.`slot_id` AS `slot_ID` from (((`Appointment_calendar` join `Appointment_slot` on((`Appointment_calendar`.`calendar_id` = `Appointment_slot`.`calendar_id`))) join `Doctor` on((`Appointment_calendar`.`doctor_id` = `Doctor`.`doctor_id`))) join `Patient` on((`Appointment_slot`.`patient_id` = `Patient`.`patient_id`))) */;
/*!50001 SET character_set_client      = @saved_cs_client */;
/*!50001 SET character_set_results     = @saved_cs_results */;
/*!50001 SET collation_connection      = @saved_col_connection */;

--
-- Final view structure for view `View_appointment_patient_ref_map`
--

/*!50001 DROP VIEW IF EXISTS `View_appointment_patient_ref_map`*/;
/*!50001 SET @saved_cs_client          = @@character_set_client */;
/*!50001 SET @saved_cs_results         = @@character_set_results */;
/*!50001 SET @saved_col_connection     = @@collation_connection */;
/*!50001 SET character_set_client      = utf8 */;
/*!50001 SET character_set_results     = utf8 */;
/*!50001 SET collation_connection      = utf8_general_ci */;
/*!50001 CREATE ALGORITHM=UNDEFINED */
/*!50013 DEFINER=`root`@`localhost` SQL SECURITY DEFINER */
/*!50001 VIEW `View_appointment_patient_ref_map` AS select `cal`.`date` AS `date`,`cal`.`doctor_id` AS `doctor_id`,`slot`.`patient_id` AS `patient_id`,`Patient`.`patient_type` AS `patient_type` from ((`Appointment_calendar` `cal` join `Appointment_slot` `slot`) join `Patient` on(((`cal`.`calendar_id` = `slot`.`calendar_id`) and (`slot`.`patient_id` = `Patient`.`patient_id`)))) */;
/*!50001 SET character_set_client      = @saved_cs_client */;
/*!50001 SET character_set_results     = @saved_cs_results */;
/*!50001 SET collation_connection      = @saved_col_connection */;

--
-- Final view structure for view `View_appointment_static_join`
--

/*!50001 DROP VIEW IF EXISTS `View_appointment_static_join`*/;
/*!50001 SET @saved_cs_client          = @@character_set_client */;
/*!50001 SET @saved_cs_results         = @@character_set_results */;
/*!50001 SET @saved_col_connection     = @@collation_connection */;
/*!50001 SET character_set_client      = utf8 */;
/*!50001 SET character_set_results     = utf8 */;
/*!50001 SET collation_connection      = utf8_general_ci */;
/*!50001 CREATE ALGORITHM=UNDEFINED */
/*!50013 DEFINER=`root`@`localhost` SQL SECURITY DEFINER */
/*!50001 VIEW `View_appointment_static_join` AS select `Appointment_static_schedule`.`session_id` AS `session_id`,`Appointment_static_schedule`.`doctor_id` AS `doctor_id`,`Appointment_static_schedule`.`day` AS `day`,`Appointment_static_schedule`.`start_time` AS `start_time`,`Appointment_static_schedule`.`end_time` AS `end_time`,`Appointment_static_schedule`.`session_limit` AS `session_limit`,`Appointment_static_availability`.`week_no` AS `week_no` from (`Appointment_static_schedule` join `Appointment_static_availability` on((`Appointment_static_schedule`.`session_id` = `Appointment_static_availability`.`session_id`))) order by `Appointment_static_availability`.`week_no` */;
/*!50001 SET character_set_client      = @saved_cs_client */;
/*!50001 SET character_set_results     = @saved_cs_results */;
/*!50001 SET collation_connection      = @saved_col_connection */;

--
-- Final view structure for view `View_patient_appointment`
--

/*!50001 DROP VIEW IF EXISTS `View_patient_appointment`*/;
/*!50001 SET @saved_cs_client          = @@character_set_client */;
/*!50001 SET @saved_cs_results         = @@character_set_results */;
/*!50001 SET @saved_col_connection     = @@collation_connection */;
/*!50001 SET character_set_client      = utf8 */;
/*!50001 SET character_set_results     = utf8 */;
/*!50001 SET collation_connection      = utf8_general_ci */;
/*!50001 CREATE ALGORITHM=UNDEFINED */
/*!50013 DEFINER=`root`@`localhost` SQL SECURITY DEFINER */
/*!50001 VIEW `View_patient_appointment` AS select `Appointment_slot`.`slot_id` AS `slot_id`,`Doctor`.`name` AS `name`,`Appointment_calendar`.`date` AS `date`,`Appointment_calendar`.`start_time` AS `start_time`,`Appointment_calendar`.`end_time` AS `end_time`,`Appointment_slot`.`patient_id` AS `patient_id`,`Doctor`.`specialization` AS `specialization`,`Appointment_slot`.`status` AS `status` from ((`Appointment_slot` join `Appointment_calendar` on((`Appointment_slot`.`calendar_id` = `Appointment_calendar`.`calendar_id`))) join `Doctor` on((`Appointment_calendar`.`doctor_id` = `Doctor`.`doctor_id`))) */;
/*!50001 SET character_set_client      = @saved_cs_client */;
/*!50001 SET character_set_results     = @saved_cs_results */;
/*!50001 SET collation_connection      = @saved_col_connection */;

--
-- Final view structure for view `View_schedule`
--

/*!50001 DROP VIEW IF EXISTS `View_schedule`*/;
/*!50001 SET @saved_cs_client          = @@character_set_client */;
/*!50001 SET @saved_cs_results         = @@character_set_results */;
/*!50001 SET @saved_col_connection     = @@collation_connection */;
/*!50001 SET character_set_client      = utf8 */;
/*!50001 SET character_set_results     = utf8 */;
/*!50001 SET collation_connection      = utf8_general_ci */;
/*!50001 CREATE ALGORITHM=UNDEFINED */
/*!50013 DEFINER=`root`@`localhost` SQL SECURITY DEFINER */
/*!50001 VIEW `View_schedule` AS select `Doctor`.`doctor_id` AS `doctor_id`,`Doctor`.`name` AS `name`,`Appointment_calendar`.`date` AS `date`,((dayofmonth(`Appointment_calendar`.`date`) DIV 7) + 1) AS `week_no`,dayname(`Appointment_calendar`.`date`) AS `day_name`,`Appointment_calendar`.`start_time` AS `start_time`,`Appointment_calendar`.`end_time` AS `end_time` from (`Appointment_calendar` join `Doctor` on((`Doctor`.`doctor_id` = `Appointment_calendar`.`doctor_id`))) order by `Doctor`.`name`,`Appointment_calendar`.`date` */;
/*!50001 SET character_set_client      = @saved_cs_client */;
/*!50001 SET character_set_results     = @saved_cs_results */;
/*!50001 SET collation_connection      = @saved_col_connection */;
/*!40103 SET TIME_ZONE=@OLD_TIME_ZONE */;

/*!40101 SET SQL_MODE=@OLD_SQL_MODE */;
/*!40014 SET FOREIGN_KEY_CHECKS=@OLD_FOREIGN_KEY_CHECKS */;
/*!40014 SET UNIQUE_CHECKS=@OLD_UNIQUE_CHECKS */;
/*!40101 SET CHARACTER_SET_CLIENT=@OLD_CHARACTER_SET_CLIENT */;
/*!40101 SET CHARACTER_SET_RESULTS=@OLD_CHARACTER_SET_RESULTS */;
/*!40101 SET COLLATION_CONNECTION=@OLD_COLLATION_CONNECTION */;
/*!40111 SET SQL_NOTES=@OLD_SQL_NOTES */;

-- Dump completed on 2017-01-12 16:56:21
